group_type,group_value,count,mean_solve_rate
states,3,5,1.0
states,4,5,0.6
states,5,5,0.9333333333333333
states,6,5,0.8
states,7,5,0.4666666666666667
states,8,5,0.4666666666666666
states,9,5,0.6
stardepth,0,7,1.0
stardepth,1,7,0.9047619047619048
stardepth,2,7,0.7619047619047619
stardepth,3,7,0.5238095238095238
stardepth,4,7,0.2857142857142857
