{"num_samples": [8, 8, 8, 8, 8], "accs": [0.625, 0.734375, 0.75, 0.421875, 0.703125]}