{"num_samples": [8, 8, 8, 8, 8], "accs": [0.640625, 0.5625, 0.515625, 0.359375, 0.453125]}