{"num_samples": [0, 1, 2, 3, 4, 5, 6, 7, 8], "accs": [0.6875, 0.84375, 0.625, 0.84375, 0.875, 0.78125, 0.78125, 0.8125, 0.90625]}