{"num_samples": [3, 6, 12, 24, 48, 96, 192, 384], "accs": [0.5729166666666666, 0.71875, 0.8229166666666666, 0.96875, 0.9895833333333334, 0.9791666666666666, 0.8958333333333334, 0.96875]}