{"num_samples": [64, 128, 192, 256, 320, 384, 448, 512, 576, 640], "accs": [0.875, 0.65625, 0.8125, 0.8125, 0.75, 0.75, 0.8125, 0.90625, 0.84375, 0.8125]}