{"num_samples": [1, 4, 6, 15, 19, 19, 37, 90], "accs": [0.5520833333333334, 0.6145833333333334, 0.5625, 0.9479166666666666, 0.9479166666666666, 0.9791666666666666, 0.9583333333333334, 0.9895833333333334]}