{"num_samples": [0, 1, 2, 3, 4, 5, 6, 7, 8, 9], "accs": [0.53125, 0.6041666666666666, 0.5989583333333333, 0.6822916666666666, 0.7291666666666666, 0.765625, 0.8541666666666667, 0.9166666666666667, 0.8802083333333333, 0.8541666666666667]}