{"num_samples": [16, 32, 48, 64, 80, 96, 112, 128, 144, 160, 176, 192, 208, 224, 240, 256, 272, 288, 304, 320, 336, 352, 368, 384, 400, 416, 432, 448, 464, 480, 496, 512, 528, 544, 560, 576, 592, 608, 624, 640, 656, 672, 688, 704, 720, 736, 752, 768, 784, 800, 816, 832, 848, 864, 880, 896, 912, 928, 944, 960, 976, 992, 1008, 1024, 1040, 1056, 1072, 1088, 1104, 1120, 1136, 1152, 1168, 1184, 1200, 1216, 1232, 1248, 1264, 1280, 1296, 1312, 1328, 1344, 1360, 1376, 1392, 1408, 1424, 1440, 1456, 1472, 1488, 1504, 1520, 1536, 1552, 1568, 1584, 1600, 1616, 1632, 1648, 1664, 1680, 1696, 1712, 1728, 1744, 1760, 1776, 1792, 1808, 1824, 1840, 1856, 1872, 1888, 1904, 1920, 1936, 1952, 1968, 1984, 2000, 2016, 2032, 2048, 2064, 2080, 2096, 2112, 2128, 2144, 2160, 2176, 2192, 2208, 2224, 2240, 2256, 2272, 2288, 2304, 2320, 2336, 2352, 2368, 2384, 2400, 2416, 2432, 2448, 2464, 2480, 2496, 2512, 2528, 2544, 2560, 2576, 2592, 2608, 2624, 2640, 2656, 2672, 2688, 2704, 2720, 2736, 2752, 2768, 2784, 2800, 2816, 2832, 2848, 2864, 2880, 2896, 2912, 2928, 2944, 2960, 2976, 2992, 3008, 3024, 3040, 3056, 3072, 3088, 3104, 3120, 3136, 3152, 3168, 3184, 3200, 3216, 3232, 3248, 3264, 3280, 3296, 3312, 3328, 3344, 3360, 3376, 3392, 3408, 3424, 3440, 3456, 3472, 3488, 3504, 3520, 3536, 3552, 3568, 3584, 3600, 3616, 3632, 3648, 3664, 3680, 3696, 3712, 3728, 3744, 3760, 3776, 3792, 3808, 3824, 3840, 3856, 3872, 3888, 3904, 3920, 3936, 3952, 3968, 3984, 4000, 4016, 4032, 4048, 4064, 4080, 4096, 4112, 4128, 4144, 4160, 4176, 4192, 4208, 4224, 4240, 4256, 4272, 4288, 4304, 4320, 4336, 4352, 4368, 4384, 4400, 4416, 4432, 4448, 4464, 4480, 4496, 4512, 4528, 4544, 4560, 4576, 4592, 4608, 4624, 4640, 4656, 4672, 4688, 4704, 4720, 4736, 4752, 4768, 4784, 4800], "accs": [0.650390625, 0.021484375, 0.759765625, 0.8828125, 0.900390625, 0.92578125, 0.6640625, 0.556640625, 0.681640625, 0.693359375, 0.904296875, 0.880859375, 0.6796875, 0.8984375, 0.67578125, 0.662109375, 0.666015625, 0.66015625, 0.4921875, 0.427734375, 0.66015625, 0.0, 0.0, 0.4375, 0.677734375, 0.67578125, 0.6953125, 0.7109375, 0.58203125, 0.666015625, 0.328125, 0.841796875, 0.646484375, 0.892578125, 0.568359375, 0.681640625, 0.462890625, 0.0, 0.634765625, 0.544921875, 0.767578125, 0.904296875, 0.6640625, 0.486328125, 0.287109375, 0.6171875, 0.76171875, 0.607421875, 0.177734375, 0.59765625, 0.3359375, 0.423828125, 0.587890625, 0.771484375, 0.525390625, 0.662109375, 0.5859375, 0.330078125, 0.328125, 0.771484375, 0.3515625, 0.654296875, 0.330078125, 0.673828125, 0.69140625, 0.4296875, 0.353515625, 0.529296875, 0.65234375, 0.400390625, 0.296875, 0.560546875, 0.3203125, 0.693359375, 0.30078125, 0.37109375, 0.255859375, 0.58984375, 0.103515625, 0.205078125, 0.3828125, 0.298828125, 0.5859375, 0.275390625, 0.248046875, 0.3359375, 0.32421875, 0.244140625, 0.455078125, 0.19140625, 0.228515625, 0.44140625, 0.267578125, 0.458984375, 0.087890625, 0.447265625, 0.515625, 0.349609375, 0.361328125, 0.38671875, 0.259765625, 0.29296875, 0.357421875, 0.248046875, 0.462890625, 0.25390625, 0.228515625, 0.611328125, 0.544921875, 0.6484375, 0.291015625, 0.375, 0.673828125, 0.28125, 0.560546875, 0.32421875, 0.544921875, 0.77734375, 0.33984375, 0.376953125, 0.306640625, 0.259765625, 0.466796875, 0.294921875, 0.54296875, 0.16796875, 0.5859375, 0.263671875, 0.234375, 0.2890625, 0.599609375, 0.2890625, 0.322265625, 0.662109375, 0.41015625, 0.248046875, 0.2734375, 0.294921875, 0.31640625, 0.15625, 0.244140625, 0.568359375, 0.380859375, 0.154296875, 0.328125, 0.517578125, 0.306640625, 0.2890625, 0.220703125, 0.2578125, 0.388671875, 0.544921875, 0.56640625, 0.529296875, 0.400390625, 0.712890625, 0.556640625, 0.30859375, 0.52734375, 0.427734375, 0.470703125, 0.5703125, 0.291015625, 0.365234375, 0.140625, 0.408203125, 0.556640625, 0.271484375, 0.49609375, 0.515625, 0.408203125, 0.46875, 0.228515625, 0.400390625, 0.330078125, 0.5859375, 0.328125, 0.5390625, 0.310546875, 0.330078125, 0.353515625, 0.6015625, 0.51953125, 0.59765625, 0.306640625, 0.328125, 0.48046875, 0.2890625, 0.3515625, 0.58203125, 0.35546875, 0.42578125, 0.611328125, 0.330078125, 0.611328125, 0.29296875, 0.330078125, 0.33984375, 0.1953125, 0.412109375, 0.31640625, 0.212890625, 0.265625, 0.265625, 0.248046875, 0.328125, 0.30078125, 0.33203125, 0.263671875, 0.3515625, 0.38671875, 0.291015625, 0.560546875, 0.326171875, 0.376953125, 0.287109375, 0.375, 0.4453125, 0.509765625, 0.296875, 0.625, 0.3671875, 0.515625, 0.60546875, 0.330078125, 0.33203125, 0.296875, 0.494140625, 0.365234375, 0.275390625, 0.236328125, 0.291015625, 0.302734375, 0.291015625, 0.240234375, 0.30859375, 0.423828125, 0.48046875, 0.322265625, 0.279296875, 0.291015625, 0.2734375, 0.302734375, 0.41796875, 0.591796875, 0.55078125, 0.244140625, 0.458984375, 0.263671875, 0.271484375, 0.388671875, 0.314453125, 0.474609375, 0.376953125, 0.25390625, 0.31640625, 0.35546875, 0.27734375, 0.345703125, 0.36328125, 0.41796875, 0.3046875, 0.390625, 0.294921875, 0.376953125, 0.37890625, 0.328125, 0.25, 0.35546875, 0.298828125, 0.384765625, 0.287109375, 0.38671875, 0.255859375, 0.337890625, 0.349609375, 0.525390625, 0.263671875, 0.25, 0.349609375, 0.3203125, 0.392578125, 0.341796875, 0.34765625, 0.2734375, 0.3984375, 0.4609375, 0.4296875, 0.298828125, 0.400390625, 0.263671875, 0.32421875, 0.244140625, 0.353515625, 0.345703125, 0.6328125, 0.576171875, 0.544921875, 0.2265625, 0.365234375]}