{"num_samples": [12, 24, 36, 48, 60, 72, 84, 96, 108, 120, 132, 144, 156, 168, 180, 192, 204, 216, 228, 240, 252, 264, 276, 288, 300, 312, 324, 336, 348, 360, 372, 384, 396, 408, 420, 432, 444, 456, 468, 480, 492, 504, 516, 528, 540, 552, 564, 576, 588, 600, 612, 624, 636, 648, 660, 672, 684, 696, 708, 720, 732, 744, 756, 768, 780, 792, 804, 816, 828, 840, 852, 864, 876, 888, 900, 912, 924, 936, 948, 960, 972, 984, 996, 1008, 1020, 1032, 1044, 1056, 1068, 1080, 1092, 1104, 1116, 1128, 1140, 1152, 1164, 1176, 1188, 1200, 1212, 1224, 1236, 1248, 1260, 1272, 1284, 1296, 1308, 1320, 1332, 1344, 1356, 1368, 1380, 1392, 1404, 1416, 1428, 1440, 1452, 1464, 1476, 1488, 1500, 1512, 1524, 1536, 1548, 1560, 1572, 1584, 1596, 1608, 1620, 1632, 1644, 1656, 1668, 1680, 1692, 1704, 1716, 1728, 1740, 1752, 1764, 1776, 1788, 1800, 1812, 1824, 1836, 1848, 1860, 1872, 1884, 1896, 1908, 1920, 1932, 1944, 1956, 1968, 1980, 1992, 2004, 2016, 2028, 2040, 2052, 2064, 2076, 2088, 2100, 2112, 2124, 2136, 2148, 2160, 2172, 2184, 2196, 2208, 2220, 2232, 2244, 2256, 2268, 2280, 2292, 2304, 2316, 2328, 2340, 2352, 2364, 2376, 2388, 2400], "accs": [0.8932291666666666, 0.6822916666666666, 0.765625, 0.8776041666666666, 0.6927083333333334, 0.8697916666666666, 0.8645833333333334, 0.84375, 0.9244791666666666, 0.9140625, 0.8984375, 0.9010416666666666, 0.8828125, 0.9348958333333334, 0.8984375, 0.9401041666666666, 0.9401041666666666, 0.8958333333333334, 0.8255208333333334, 0.9296875, 0.8515625, 0.9453125, 0.8307291666666666, 0.828125, 0.90625, 0.9088541666666666, 0.8854166666666666, 0.9479166666666666, 0.9244791666666666, 0.9166666666666666, 0.8854166666666666, 0.9375, 0.875, 0.9583333333333334, 0.8932291666666666, 0.9453125, 0.9322916666666666, 0.9583333333333334, 0.9427083333333334, 0.8958333333333334, 0.9010416666666666, 0.8958333333333334, 0.9583333333333334, 0.9166666666666666, 0.9557291666666666, 0.921875, 0.9583333333333334, 0.9739583333333334, 0.9557291666666666, 0.8802083333333334, 0.9557291666666666, 0.8932291666666666, 0.9765625, 0.9401041666666666, 0.953125, 0.8854166666666666, 0.9427083333333334, 0.9401041666666666, 0.921875, 0.9348958333333334, 0.9791666666666666, 0.9765625, 0.9817708333333334, 0.9453125, 0.9322916666666666, 0.8880208333333334, 0.9140625, 0.8828125, 0.9114583333333334, 0.9427083333333334, 0.9401041666666666, 0.9270833333333334, 0.9375, 0.9453125, 0.953125, 0.9635416666666666, 0.9661458333333334, 0.96875, 0.9244791666666666, 0.9713541666666666, 0.921875, 0.96875, 0.9583333333333334, 0.9036458333333334, 0.9739583333333334, 0.9713541666666666, 0.9609375, 0.921875, 0.890625, 0.8984375, 0.8854166666666666, 0.9401041666666666, 0.9661458333333334, 0.9765625, 0.9010416666666666, 0.984375, 0.9505208333333334, 0.9505208333333334, 0.9947916666666666, 0.9869791666666666, 0.9583333333333334, 0.9739583333333334, 0.984375, 0.9817708333333334, 0.9817708333333334, 0.9713541666666666, 0.9244791666666666, 0.9401041666666666, 0.9375, 0.9453125, 0.9635416666666666, 0.9479166666666666, 0.90625, 0.9270833333333334, 0.9817708333333334, 0.96875, 0.9375, 0.9921875, 0.9765625, 0.9453125, 0.9869791666666666, 0.9583333333333334, 0.9557291666666666, 0.9739583333333334, 0.9296875, 0.9765625, 0.9609375, 0.9869791666666666, 0.9765625, 0.9296875, 0.8932291666666666, 0.9140625, 0.9895833333333334, 0.9765625, 0.9895833333333334, 0.96875, 0.984375, 0.9947916666666666, 0.984375, 0.9739583333333334, 0.9869791666666666, 0.9713541666666666, 0.9635416666666666, 0.9947916666666666, 0.9791666666666666, 0.9817708333333334, 0.9947916666666666, 0.9583333333333334, 0.984375, 0.9661458333333334, 0.9791666666666666, 0.9244791666666666, 0.9192708333333334, 0.8984375, 0.9817708333333334, 0.9609375, 0.9973958333333334, 0.9947916666666666, 0.9791666666666666, 0.984375, 0.9895833333333334, 0.9661458333333334, 0.9817708333333334, 0.9869791666666666, 0.9583333333333334, 0.9765625, 0.96875, 0.9244791666666666, 0.96875, 0.9791666666666666, 0.9895833333333334, 0.9739583333333334, 0.96875, 0.96875, 0.9661458333333334, 0.9661458333333334, 0.9635416666666666, 0.9661458333333334, 0.9713541666666666, 0.9765625, 0.9791666666666666, 0.9635416666666666, 0.9739583333333334, 0.9453125, 0.96875, 0.9869791666666666, 0.9817708333333334, 0.9661458333333334, 0.9817708333333334, 0.9895833333333334, 0.9739583333333334, 0.984375, 0.9895833333333334, 0.9895833333333334, 0.9895833333333334, 0.9869791666666666, 0.9921875, 0.984375, 1.0, 0.9765625]}