{"num_samples": 2400, "accs": [0.5755208333333334, 0.5859375, 0.5807291666666666, 0.5859375, 0.59375, 0.59375, 0.5963541666666666, 0.5911458333333334, 0.5885416666666666, 0.5885416666666666, 0.5807291666666666, 0.5833333333333334, 0.5755208333333334, 0.5885416666666666, 0.5859375, 0.578125, 0.59375, 0.5859375, 0.5598958333333334, 0.5885416666666666, 0.5911458333333334, 0.5807291666666666, 0.5755208333333334, 0.5989583333333334, 0.5807291666666666, 0.5755208333333334, 0.5911458333333334, 0.5885416666666666, 0.5911458333333334, 0.5885416666666666, 0.5885416666666666, 0.5859375, 0.5963541666666666, 0.5807291666666666, 0.5885416666666666, 0.5885416666666666, 0.578125, 0.5833333333333334, 0.5807291666666666, 0.59375, 0.5729166666666666, 0.5911458333333334, 0.5833333333333334, 0.5859375, 0.5859375, 0.5885416666666666, 0.5963541666666666, 0.5833333333333334, 0.5807291666666666, 0.5755208333333334, 0.5859375, 0.5833333333333334, 0.5807291666666666, 0.5833333333333334, 0.59375, 0.5859375, 0.5859375, 0.5911458333333334, 0.5807291666666666, 0.5807291666666666, 0.5833333333333334, 0.5859375, 0.5911458333333334, 0.5963541666666666, 0.5885416666666666, 0.5859375, 0.5885416666666666, 0.59375, 0.5833333333333334, 0.5859375, 0.5807291666666666, 0.5807291666666666, 0.5911458333333334, 0.5807291666666666, 0.5833333333333334, 0.59375, 0.5807291666666666, 0.5885416666666666, 0.5911458333333334, 0.59375, 0.5859375, 0.5963541666666666, 0.5885416666666666, 0.59375, 0.5885416666666666, 0.5807291666666666, 0.59375, 0.5833333333333334, 0.5885416666666666, 0.5859375, 0.5911458333333334, 0.5807291666666666, 0.5885416666666666, 0.5807291666666666, 0.5807291666666666, 0.5833333333333334, 0.59375, 0.5859375, 0.578125, 0.5885416666666666, 0.5807291666666666, 0.5833333333333334, 0.59375, 0.5885416666666666, 0.5833333333333334, 0.578125, 0.578125, 0.5807291666666666, 0.59375, 0.578125, 0.5833333333333334, 0.5859375, 0.5755208333333334, 0.5885416666666666, 0.5807291666666666, 0.5885416666666666, 0.5911458333333334, 0.5859375, 0.59375, 0.59375, 0.5885416666666666, 0.5494791666666666, 0.5911458333333334, 0.5885416666666666, 0.59375, 0.5833333333333334, 0.5963541666666666, 0.5833333333333334, 0.5833333333333334, 0.5807291666666666, 0.6145833333333334, 0.5833333333333334, 0.6302083333333334, 0.5859375, 0.5755208333333334, 0.5833333333333334, 0.5859375, 0.5859375, 0.5911458333333334, 0.5755208333333334, 0.59375, 0.578125, 0.5911458333333334, 0.5963541666666666, 0.5833333333333334, 0.5963541666666666, 0.5885416666666666, 0.5911458333333334, 0.5833333333333334, 0.5911458333333334, 0.5833333333333334, 0.59375, 0.5859375, 0.5807291666666666, 0.5833333333333334, 0.5755208333333334, 0.5807291666666666, 0.5859375, 0.5911458333333334, 0.6223958333333334, 0.6223958333333334, 0.6041666666666666, 0.5807291666666666, 0.5885416666666666, 0.5755208333333334, 0.5859375, 0.5729166666666666, 0.5885416666666666, 0.59375, 0.5911458333333334, 0.5989583333333334, 0.59375, 0.5859375, 0.5885416666666666, 0.5911458333333334, 0.5885416666666666, 0.5859375, 0.5885416666666666, 0.6380208333333334, 0.5833333333333334, 0.5833333333333334, 0.5885416666666666, 0.5885416666666666, 0.59375, 0.59375, 0.5833333333333334, 0.59375, 0.5755208333333334, 0.5859375, 0.5807291666666666, 0.59375, 0.5963541666666666, 0.59375, 0.5755208333333334, 0.5677083333333334, 0.5911458333333334, 0.5807291666666666, 0.5911458333333334, 0.5911458333333334, 0.5885416666666666]}