{"num_samples": [96, 108, 124], "accs": [0.900390625, 0.8994140625, 0.8955078125]}