{"num_samples": [84, 92, 100, 108, 136, 148, 184, 196, 228, 252, 284, 348, 388, 432, 452, 480, 484, 520, 544, 572, 592, 620, 636, 668, 672, 716, 744, 780, 808, 844, 892, 912, 932, 952, 992, 1008, 1048, 1076, 1092, 1112, 1120, 1124, 1128, 1156, 1164, 1188, 1204, 1216, 1228, 1256, 1264, 1304, 1332, 1340, 1376, 1404, 1412, 1444, 1464, 1492, 1504, 1516, 1520, 1548, 1552, 1596, 1604, 1612, 1664, 1668, 1676, 1680, 1704, 1716, 1724, 1740, 1756, 1772, 1796, 1804, 1816, 1824, 1844, 1856, 1864, 1904, 1912, 1936, 1964, 1976, 1988, 1996, 2000, 2008, 2012, 2032, 2044, 2068, 2076, 2084, 2088, 2092, 2112, 2116, 2152, 2156, 2180, 2188, 2196, 2224, 2240, 2272, 2280, 2312, 2328, 2340, 2348, 2360], "accs": [0.9150390625, 0.91015625, 0.904296875, 0.7568359375, 0.9052734375, 0.677734375, 0.90625, 0.8525390625, 0.8779296875, 0.89453125, 0.796875, 0.810546875, 0.794921875, 0.9072265625, 0.8955078125, 0.8955078125, 0.884765625, 0.88671875, 0.9013671875, 0.8955078125, 0.8642578125, 0.9423828125, 0.8486328125, 0.927734375, 0.865234375, 0.9033203125, 0.9326171875, 0.908203125, 0.9033203125, 0.79296875, 0.931640625, 0.8798828125, 0.9208984375, 0.861328125, 0.953125, 0.833984375, 0.919921875, 0.9267578125, 0.9033203125, 0.9638671875, 0.8896484375, 0.9765625, 0.892578125, 0.966796875, 0.888671875, 0.955078125, 0.876953125, 0.9755859375, 0.9111328125, 0.9560546875, 0.8642578125, 0.9111328125, 0.962890625, 0.859375, 0.9033203125, 0.9541015625, 0.861328125, 0.935546875, 0.859375, 0.970703125, 0.8720703125, 0.94921875, 0.8955078125, 0.9697265625, 0.83203125, 0.9140625, 0.935546875, 0.8212890625, 0.962890625, 0.931640625, 0.96484375, 0.904296875, 0.966796875, 0.91015625, 0.96875, 0.890625, 0.95703125, 0.8876953125, 0.9677734375, 0.9345703125, 0.974609375, 0.8857421875, 0.955078125, 0.9521484375, 0.8837890625, 0.9072265625, 0.9521484375, 0.935546875, 0.96875, 0.9384765625, 0.9609375, 0.9326171875, 0.9677734375, 0.921875, 0.9501953125, 0.892578125, 0.943359375, 0.958984375, 0.9560546875, 0.947265625, 0.970703125, 0.904296875, 0.9560546875, 0.8837890625, 0.923828125, 0.91796875, 0.9150390625, 0.9638671875, 0.9052734375, 0.9736328125, 0.876953125, 0.970703125, 0.8935546875, 0.9599609375, 0.9228515625, 0.9697265625, 0.9267578125, 0.9482421875]}