{"num_samples": [19, 23, 25, 27, 32, 34, 42, 46, 53, 55, 62, 65, 70, 71, 74, 75, 79, 82, 90, 91, 98, 99, 105, 108, 113, 115, 119, 123, 131, 135, 139, 141, 150, 155, 160, 165, 168, 174, 180, 185, 188, 192, 196, 204, 209, 213, 214, 217, 222, 223, 226, 227, 235, 240, 244, 248, 253, 257, 261, 262, 263, 271, 275, 276, 278, 289, 290, 296, 305, 308, 309, 310, 311, 312, 318, 322, 323, 325, 329, 330, 332, 345, 348, 351, 356, 358, 362, 365, 369, 371, 374, 375, 381, 388, 389, 391, 398, 399, 407, 411, 412, 415, 418, 420, 424, 428, 429, 430, 435, 438, 442, 448, 454, 459], "accs": [0.9677734375, 0.8681640625, 0.9609375, 0.4345703125, 0.96875, 0.5615234375, 0.9609375, 0.5830078125, 0.9765625, 0.662109375, 0.970703125, 0.7470703125, 0.9677734375, 0.75, 0.9599609375, 0.78515625, 0.9765625, 0.7783203125, 0.9697265625, 0.7587890625, 0.9658203125, 0.787109375, 0.9658203125, 0.7822265625, 0.974609375, 0.771484375, 0.974609375, 0.75, 0.96875, 0.7998046875, 0.9794921875, 0.7685546875, 0.9736328125, 0.806640625, 0.9638671875, 0.765625, 0.9736328125, 0.7998046875, 0.974609375, 0.80859375, 0.978515625, 0.73046875, 0.6708984375, 0.97265625, 0.693359375, 0.94921875, 0.552734375, 0.9091796875, 0.82421875, 0.974609375, 0.849609375, 0.4482421875, 0.8642578125, 0.9541015625, 0.841796875, 0.95703125, 0.7421875, 0.9423828125, 0.6982421875, 0.96875, 0.8095703125, 0.9638671875, 0.9736328125, 0.521484375, 0.912109375, 0.9716796875, 0.93359375, 0.9658203125, 0.9150390625, 0.6103515625, 0.7861328125, 0.4921875, 0.849609375, 0.943359375, 0.96875, 0.98046875, 0.9814453125, 0.96484375, 0.962890625, 0.9794921875, 0.55078125, 0.86328125, 0.95703125, 0.8671875, 0.9755859375, 0.8486328125, 0.962890625, 0.927734375, 0.9658203125, 0.8515625, 0.9375, 0.9580078125, 0.9775390625, 0.8759765625, 0.986328125, 0.875, 0.9755859375, 0.8916015625, 0.9794921875, 0.8408203125, 0.9306640625, 0.984375, 0.79296875, 0.953125, 0.982421875, 0.8720703125, 0.95703125, 0.96875, 0.9013671875, 0.96875, 0.8896484375, 0.935546875, 0.9775390625, 0.8681640625]}