{"num_samples": [26, 29, 43, 45, 52, 55, 58, 60, 65, 68, 72, 74, 78, 82, 87, 91, 98, 101, 105, 108, 116, 118, 122, 126, 131, 132, 136, 138, 142, 144, 148, 159, 166, 170, 174, 178, 186, 196, 205, 215, 219, 226, 234, 243, 251, 258, 265, 272, 274, 284, 286, 293, 295, 303, 315, 320, 327, 331, 332, 345], "accs": [0.9755859375, 0.470703125, 0.97265625, 0.53515625, 0.96875, 0.759765625, 0.9716796875, 0.71875, 0.9765625, 0.79296875, 0.96484375, 0.779296875, 0.9697265625, 0.7900390625, 0.970703125, 0.783203125, 0.958984375, 0.8232421875, 0.9072265625, 0.9775390625, 0.92578125, 0.8525390625, 0.880859375, 0.97265625, 0.9462890625, 0.9736328125, 0.908203125, 0.974609375, 0.9091796875, 0.9658203125, 0.919921875, 0.9765625, 0.833984375, 0.9580078125, 0.873046875, 0.9736328125, 0.7802734375, 0.9677734375, 0.767578125, 0.970703125, 0.833984375, 0.96875, 0.8291015625, 0.9677734375, 0.8203125, 0.9765625, 0.7568359375, 0.9755859375, 0.771484375, 0.97265625, 0.8759765625, 0.970703125, 0.9013671875, 0.8935546875, 0.97265625, 0.9111328125, 0.98046875, 0.9921875, 0.9697265625, 0.98046875]}