{"num_samples": [5, 25, 29, 48], "accs": [0.0400390625, 0.982421875, 0.0263671875, 0.9736328125]}