{"num_samples": [27, 30, 56, 59, 78, 84, 97, 101, 114, 115, 127, 129, 134, 136, 144, 146, 151, 154, 158, 161, 165, 167, 172, 174, 178, 179, 182, 186, 189, 197, 200, 207, 210, 215, 216, 220, 222, 223, 224, 225, 228, 229, 233, 237, 238, 240, 244, 246, 248, 254, 257, 258, 261, 264, 265, 266, 267, 271, 278, 279, 282, 285, 288, 289, 291, 293, 296, 297, 300, 301, 305, 307, 308, 312, 313, 317, 318, 321, 322, 324, 325, 330, 333, 334, 335, 337, 338, 339, 343, 345, 347, 348, 349, 350, 352, 355, 356, 358, 359, 360, 361, 362, 363, 365, 366, 371, 372, 373, 375, 378, 380, 382, 384, 387, 390, 391, 392, 394, 395, 398, 401, 402, 404, 406, 411, 412, 416, 418, 419, 420, 422, 424, 425, 426, 427, 430, 432, 433, 434, 435, 442, 443, 445, 446, 448, 450, 452, 453, 455, 457, 458, 462, 463, 464, 465, 466, 469, 471, 473, 478, 480, 484, 487, 488, 489, 491, 494, 499, 500, 501, 503, 504, 505, 506, 507, 508, 509, 514, 516, 519, 520, 521, 522, 524, 525, 526, 530, 531, 535, 536, 538, 539, 541, 542, 544, 545, 550, 551, 552, 554, 556, 557, 558, 560, 561, 562, 563, 564, 565, 566, 570, 572, 573, 574, 576, 577, 578, 579, 580, 581, 582, 583, 585, 587, 589, 590, 591, 592, 593, 596, 597, 599, 600, 602, 603, 604, 605, 607, 608, 611, 612, 613, 615, 617, 618, 619, 620, 624, 625, 626, 627, 629, 630, 631, 632, 633, 634, 635, 637, 638, 639, 640, 642, 645, 646, 647, 648, 649, 651, 654, 655, 656, 657, 658, 659, 660, 661, 663, 664, 667, 669, 670, 672, 673, 674, 677, 679, 680, 681, 682, 683, 684, 686, 687, 689, 690, 691, 692, 694, 695, 696, 697, 698, 699, 700, 702, 703, 704, 705, 706, 707, 709, 710, 711, 713, 714, 715, 716, 717, 718, 719, 721, 722, 723, 725, 727, 729, 731, 733, 734, 735, 736, 738, 739, 740, 741, 743, 744, 745, 747, 748, 749, 752, 753, 754, 755, 757, 758, 759, 760, 761, 762, 763, 765, 766, 769, 770], "accs": [0.89453125, 0.0986328125, 0.904296875, 0.3046875, 0.8974609375, 0.5361328125, 0.904296875, 0.6748046875, 0.9072265625, 0.6513671875, 0.9111328125, 0.7509765625, 0.8974609375, 0.7861328125, 0.8876953125, 0.7607421875, 0.904296875, 0.8271484375, 0.9052734375, 0.755859375, 0.908203125, 0.7841796875, 0.951171875, 0.896484375, 0.8701171875, 0.9404296875, 0.8115234375, 0.9267578125, 0.802734375, 0.9482421875, 0.83203125, 0.9541015625, 0.8740234375, 0.96484375, 0.8681640625, 0.96484375, 0.9287109375, 0.9140625, 0.9111328125, 0.953125, 0.9619140625, 0.90234375, 0.890625, 0.91796875, 0.9580078125, 0.94140625, 0.9697265625, 0.951171875, 0.94921875, 0.9013671875, 0.9580078125, 0.8701171875, 0.9443359375, 0.923828125, 0.9404296875, 0.955078125, 0.88671875, 0.779296875, 0.9697265625, 0.943359375, 0.9521484375, 0.9423828125, 0.955078125, 0.9267578125, 0.95703125, 0.91015625, 0.9267578125, 0.9296875, 0.9619140625, 0.9140625, 0.8603515625, 0.9716796875, 0.9013671875, 0.982421875, 0.85546875, 0.982421875, 0.8984375, 0.9716796875, 0.873046875, 0.9130859375, 0.84375, 0.9365234375, 0.962890625, 0.95703125, 0.9736328125, 0.92578125, 0.9677734375, 0.8662109375, 0.95703125, 0.9619140625, 0.9814453125, 0.95703125, 0.9404296875, 0.986328125, 0.9326171875, 0.9853515625, 0.9453125, 0.9755859375, 0.9619140625, 0.9892578125, 0.9140625, 0.9873046875, 0.953125, 0.9853515625, 0.8740234375, 0.984375, 0.8984375, 0.9814453125, 0.9248046875, 0.94921875, 0.939453125, 0.9755859375, 0.9736328125, 0.919921875, 0.9619140625, 0.986328125, 0.9580078125, 0.974609375, 0.9453125, 0.96484375, 0.978515625, 0.9814453125, 0.970703125, 0.8720703125, 0.9765625, 0.8916015625, 0.9755859375, 0.9296875, 0.9921875, 0.939453125, 0.9296875, 0.953125, 0.9609375, 0.966796875, 0.98046875, 0.939453125, 0.9560546875, 0.96484375, 0.953125, 0.724609375, 0.9765625, 0.9482421875, 0.9833984375, 0.880859375, 0.9072265625, 0.9521484375, 0.923828125, 0.9716796875, 0.9404296875, 0.984375, 0.8115234375, 0.98046875, 0.9736328125, 0.9833984375, 0.9677734375, 0.9921875, 0.90625, 0.9736328125, 0.79296875, 0.9931640625, 0.9453125, 0.97265625, 0.958984375, 0.9716796875, 0.970703125, 0.9580078125, 0.8662109375, 0.9609375, 0.9580078125, 0.9140625, 0.96484375, 0.8876953125, 0.96875, 0.9306640625, 0.9130859375, 0.9921875, 0.8642578125, 0.9775390625, 0.955078125, 0.9873046875, 0.9677734375, 0.9306640625, 0.9697265625, 0.947265625, 0.9853515625, 0.9150390625, 0.986328125, 0.9052734375, 0.9765625, 0.9755859375, 0.994140625, 0.90625, 0.970703125, 0.9423828125, 0.98828125, 0.8984375, 0.9765625, 0.9619140625, 0.970703125, 0.97265625, 0.96484375, 0.9814453125, 0.880859375, 0.990234375, 0.9677734375, 0.978515625, 0.9775390625, 0.9658203125, 0.9794921875, 0.947265625, 0.9775390625, 0.97265625, 0.9814453125, 0.97265625, 0.994140625, 0.986328125, 0.9755859375, 0.9775390625, 0.939453125, 0.982421875, 0.9375, 0.912109375, 0.9833984375, 0.9560546875, 0.921875, 0.982421875, 0.9853515625, 0.9794921875, 0.8642578125, 0.9814453125, 0.9794921875, 0.9697265625, 0.986328125, 0.9765625, 0.97265625, 0.970703125, 0.970703125, 0.9814453125, 0.9619140625, 0.990234375, 0.9921875, 0.8720703125, 0.9853515625, 0.947265625, 0.9609375, 0.990234375, 0.896484375, 0.9794921875, 0.9658203125, 0.9873046875, 0.95703125, 0.9814453125, 0.9755859375, 0.984375, 0.9921875, 0.986328125, 0.9951171875, 0.9326171875, 0.9580078125, 0.982421875, 0.9677734375, 0.9111328125, 0.8994140625, 0.9736328125, 0.984375, 0.9580078125, 0.9599609375, 0.970703125, 0.8740234375, 0.984375, 0.9736328125, 0.9921875, 0.978515625, 0.9873046875, 0.9892578125, 0.9619140625, 0.9423828125, 0.984375, 0.9619140625, 0.984375, 0.962890625, 0.9501953125, 0.97265625, 0.9892578125, 0.96875, 0.98828125, 0.9794921875, 0.9619140625, 0.9814453125, 0.994140625, 0.986328125, 0.9140625, 0.9912109375, 0.982421875, 0.9873046875, 0.994140625, 0.9921875, 0.970703125, 0.9873046875, 0.970703125, 0.955078125, 0.796875, 0.958984375, 0.9755859375, 0.990234375, 0.96875, 0.990234375, 0.998046875, 0.9755859375, 0.998046875, 0.9814453125, 0.974609375, 0.990234375, 0.9775390625, 0.94921875, 0.9990234375, 0.9892578125, 0.998046875, 0.9912109375, 0.9990234375, 0.9736328125, 0.9814453125, 0.994140625, 0.9296875, 0.978515625, 0.931640625, 0.9921875, 0.9140625, 0.96875, 1.0, 0.9921875, 0.9404296875, 1.0, 0.9765625, 0.9970703125, 0.9931640625, 0.9931640625, 0.9384765625, 0.9970703125, 0.974609375, 0.9873046875, 0.9267578125, 0.99609375, 0.9794921875, 0.990234375, 0.9912109375, 0.986328125, 0.98046875, 0.9921875, 0.9892578125, 0.9931640625, 0.9951171875, 0.986328125, 0.9951171875, 0.9326171875, 0.994140625, 1.0]}