{"num_samples": [12, 104, 116, 136, 156, 212, 248, 296, 340, 360, 380, 420, 476, 508, 532, 576, 612, 660, 684, 704, 756, 780, 792, 820, 840, 896, 924, 940, 996, 1028, 1052, 1080, 1104, 1132, 1152, 1212, 1240, 1252, 1288, 1312, 1324, 1376, 1404, 1412, 1456, 1484, 1496, 1524, 1532, 1552, 1596, 1624, 1628, 1676, 1700, 1712, 1748, 1760, 1784, 1800, 1804, 1812, 1836, 1852, 1872, 1888, 1932, 1960, 1964, 1992, 1996, 2024, 2036, 2056, 2060, 2104, 2120, 2140, 2168, 2172, 2212, 2240, 2244, 2268, 2284, 2296, 2300, 2324, 2340, 2356, 2360, 2388, 2392, 2400, 2404, 2408, 2432, 2436, 2452, 2468, 2480, 2484, 2528, 2540, 2552, 2576, 2596, 2600, 2632, 2656, 2664, 2696, 2700, 2720, 2724, 2748, 2756, 2772, 2780, 2792, 2796, 2804, 2808, 2820, 2824, 2856, 2860, 2872, 2880, 2908, 2920, 2940, 2952, 2976, 2984, 3008, 3024, 3040, 3044, 3076, 3080, 3096, 3108, 3140, 3148, 3176, 3180, 3208, 3220, 3260, 3276, 3284, 3292, 3304, 3312, 3320, 3344, 3348, 3364, 3368, 3392, 3412, 3420, 3440, 3444, 3452, 3456, 3468, 3472, 3488, 3492, 3504, 3508, 3524, 3528, 3544, 3552, 3564, 3572, 3576, 3624, 3644, 3652, 3660, 3664, 3676, 3688, 3692, 3704, 3724, 3728, 3732, 3736, 3744, 3748, 3756, 3760, 3780, 3792, 3804, 3816, 3824, 3828, 3832, 3848, 3852, 3880, 3884, 3896, 3900, 3904, 3908, 3928, 3932, 3944, 3948, 3996, 4000, 4012, 4024, 4052, 4056], "accs": [0.1083984375, 0.892578125, 0.9091796875, 0.7900390625, 0.658203125, 0.8798828125, 0.896484375, 0.8466796875, 0.9033203125, 0.91015625, 0.82421875, 0.8740234375, 0.8828125, 0.8994140625, 0.8310546875, 0.89453125, 0.8544921875, 0.904296875, 0.9013671875, 0.875, 0.8984375, 0.939453125, 0.9033203125, 0.9326171875, 0.8037109375, 0.888671875, 0.9345703125, 0.8623046875, 0.89453125, 0.9541015625, 0.9111328125, 0.970703125, 0.8798828125, 0.9423828125, 0.8359375, 0.908203125, 0.9560546875, 0.880859375, 0.8876953125, 0.966796875, 0.8173828125, 0.9111328125, 0.9599609375, 0.861328125, 0.90234375, 0.9638671875, 0.908203125, 0.9033203125, 0.90625, 0.91015625, 0.8984375, 0.9580078125, 0.83984375, 0.884765625, 0.9482421875, 0.84375, 0.890625, 0.93359375, 0.9423828125, 0.953125, 0.9150390625, 0.908203125, 0.9482421875, 0.923828125, 0.955078125, 0.8818359375, 0.900390625, 0.9716796875, 0.8984375, 0.958984375, 0.9111328125, 0.939453125, 0.90234375, 0.9482421875, 0.890625, 0.9013671875, 0.9453125, 0.9345703125, 0.9599609375, 0.904296875, 0.9287109375, 0.9716796875, 0.90625, 0.94140625, 0.97265625, 0.9462890625, 0.943359375, 0.943359375, 0.939453125, 0.96484375, 0.90234375, 0.9677734375, 0.900390625, 0.9580078125, 0.951171875, 0.958984375, 0.9482421875, 0.9189453125, 0.9541015625, 0.923828125, 0.9716796875, 0.9326171875, 0.9638671875, 0.9306640625, 0.9453125, 0.9013671875, 0.970703125, 0.931640625, 0.908203125, 0.958984375, 0.939453125, 0.9658203125, 0.93359375, 0.9765625, 0.9248046875, 0.98046875, 0.9169921875, 0.970703125, 0.9521484375, 0.96484375, 0.9326171875, 0.9794921875, 0.9638671875, 0.9794921875, 0.90234375, 0.98828125, 0.9345703125, 0.9736328125, 0.962890625, 0.95703125, 0.9033203125, 0.9609375, 0.9384765625, 0.95703125, 0.94921875, 0.9482421875, 0.9853515625, 0.97265625, 0.94140625, 0.9814453125, 0.9697265625, 0.974609375, 0.90234375, 0.9794921875, 0.892578125, 0.9833984375, 0.927734375, 0.9755859375, 0.916015625, 0.896484375, 0.970703125, 0.9384765625, 0.9794921875, 0.974609375, 0.9658203125, 0.974609375, 0.9814453125, 0.984375, 0.958984375, 0.9580078125, 0.9638671875, 0.9619140625, 0.955078125, 0.9775390625, 0.9716796875, 0.986328125, 0.9755859375, 0.9619140625, 0.97265625, 0.9658203125, 0.9716796875, 0.98046875, 0.90234375, 0.9892578125, 0.9404296875, 0.9951171875, 0.9443359375, 0.9853515625, 0.9560546875, 0.9599609375, 0.9248046875, 0.9794921875, 0.9609375, 0.9794921875, 0.96875, 0.9814453125, 0.97265625, 0.9765625, 0.9755859375, 0.9873046875, 0.9716796875, 0.9755859375, 0.9755859375, 0.984375, 0.966796875, 0.978515625, 0.9521484375, 0.9873046875, 0.9609375, 0.9873046875, 0.9873046875, 0.9609375, 0.98828125, 0.9580078125, 0.994140625, 0.9658203125, 0.9912109375, 0.9697265625, 0.98828125, 0.990234375, 0.9912109375, 0.9794921875, 0.98828125, 0.9892578125, 0.9990234375, 0.9345703125, 0.982421875, 0.9619140625, 0.990234375, 0.9697265625, 0.9921875, 0.9814453125]}