{"num_samples": [27, 52, 80, 109, 131, 161, 188, 217, 243, 270, 293, 319, 345, 376, 405, 431, 454, 482, 504, 530, 558, 584, 610, 636, 664, 718, 746, 776, 803, 827, 852, 910, 940, 965, 992, 1042, 1065, 1093, 1121, 1145, 1174, 1228, 1255, 1279, 1356, 1380, 1411, 1439, 1462, 1488, 1544, 1571, 1599, 1627, 1653, 1678, 1764, 1789, 1814, 1841, 1864, 1889, 1915, 1941, 1968, 1995, 2021, 2052, 2079, 2105, 2133], "accs": [0.8427734375, 0.27734375, 0.91796875, 0.478515625, 0.89453125, 0.6298828125, 0.912109375, 0.716796875, 0.8955078125, 0.75390625, 0.904296875, 0.67578125, 0.9091796875, 0.6748046875, 0.9111328125, 0.75, 0.9150390625, 0.8251953125, 0.939453125, 0.73828125, 0.9150390625, 0.806640625, 0.9501953125, 0.859375, 0.9541015625, 0.84375, 0.916015625, 0.779296875, 0.9501953125, 0.923828125, 0.9609375, 0.66796875, 0.9521484375, 0.712890625, 0.9560546875, 0.84375, 0.9150390625, 0.8388671875, 0.9541015625, 0.865234375, 0.94921875, 0.8779296875, 0.9619140625, 0.9560546875, 0.7978515625, 0.9365234375, 0.869140625, 0.9404296875, 0.900390625, 0.9501953125, 0.8916015625, 0.96875, 0.9228515625, 0.9541015625, 0.9169921875, 0.97265625, 0.8896484375, 0.62109375, 0.9404296875, 0.87890625, 0.9384765625, 0.9052734375, 0.9404296875, 0.90625, 0.919921875, 0.919921875, 0.9619140625, 0.8896484375, 0.9580078125, 0.87890625, 0.962890625]}