{"num_samples": [0, 1, 2, 3, 4, 5, 6, 7, 8, 9, 10, 11, 12, 13, 14, 15, 16, 17, 18, 19, 20, 21, 22, 23, 24, 25, 26, 27, 28, 29, 30, 31, 32, 33, 34, 35, 36, 37, 38, 39, 40, 41, 42, 43, 44, 45, 46, 47, 48, 49, 50, 51, 52, 53, 54, 55, 56, 57, 58, 59, 60, 61, 62, 63, 64, 65, 66, 67, 68, 69, 70, 71, 72, 73, 74, 75, 76, 77, 78, 79, 80, 81, 82, 83, 84, 85, 86, 87, 88, 89, 90, 91, 92, 93, 94, 95, 96, 97, 98, 99, 100, 101, 102, 103, 104, 105, 106, 107, 108, 109, 110, 111, 112, 113, 114, 115, 116, 117, 118, 119, 120, 121, 122, 123, 124, 125, 126, 127, 128, 129, 130, 131, 132, 133, 134, 135, 136, 137, 138, 139, 140, 141, 142, 143, 144, 145], "accs": [0.8145025295109612, 0.7914614121510674, 0.8144499178981938, 0.842443729903537, 0.8757961783439491, 0.7713841368584758, 0.8400673400673401, 0.8178963893249608, 0.9153094462540716, 0.8195615514333895, 0.9028662420382165, 0.7664473684210527, 0.9031746031746032, 0.8696319018404908, 0.868421052631579, 0.8928571428571429, 0.8497576736672051, 0.9061976549413735, 0.8445839874411303, 0.8012924071082391, 0.933993399339934, 0.8143322475570033, 0.9380097879282219, 0.889261744966443, 0.8770491803278688, 0.8447412353923205, 0.8901830282861897, 0.8816855753646677, 0.9127625201938611, 0.8425925925925926, 0.7301324503311258, 0.9192751235584844, 0.8752052545155994, 0.9184692179700499, 0.8903654485049833, 0.9310344827586207, 0.886986301369863, 0.9233226837060703, 0.9513422818791947, 0.9450726978998385, 0.9483870967741935, 0.9141004862236629, 0.9288135593220339, 0.8919803600654664, 0.9027113237639554, 0.9415481832543444, 0.8282828282828283, 0.9080824088748018, 0.9370967741935484, 0.9086460032626428, 0.9732888146911519, 0.9353312302839116, 0.9353796445880452, 0.92, 0.9456706281833617, 0.9583333333333334, 0.9435483870967742, 0.9405320813771518, 0.9332220367278798, 0.9630225080385852, 0.9238578680203046, 0.946875, 0.9137645107794361, 0.9363057324840764, 0.8848684210526315, 0.9310344827586207, 0.9389067524115756, 0.8365079365079365, 0.9323899371069182, 0.9172185430463576, 0.9056910569105691, 0.8912, 0.9044481054365733, 0.8963210702341137, 0.9105691056910569, 0.9056910569105691, 0.89171974522293, 0.9014084507042254, 0.7924528301886793, 0.919093851132686, 0.9199372056514914, 0.9419354838709677, 0.9411764705882353, 0.9131832797427653, 0.8734177215189873, 0.9492063492063492, 0.9170812603648425, 0.939443535188216, 0.9025974025974026, 0.9045307443365695, 0.8189102564102564, 0.95260663507109, 0.8869969040247678, 0.9384858044164038, 0.8729903536977492, 0.9340836012861736, 0.9289340101522843, 0.9056603773584906, 0.9193548387096774, 0.9096774193548387, 0.9204545454545454, 0.9436619718309859, 0.9544715447154472, 0.9286846275752774, 0.9424342105263158, 0.9409888357256778, 0.8960396039603961, 0.9584, 0.9132492113564669, 0.9792, 0.939935064935065, 0.9666136724960255, 0.968595041322314, 0.9320388349514563, 0.9633173843700159, 0.8730964467005076, 0.9669811320754716, 0.9008264462809917, 0.9410774410774411, 0.9093799682034976, 0.9594594594594594, 0.9047619047619048, 0.9655737704918033, 0.933993399339934, 0.9083333333333333, 0.9532554257095158, 0.9622950819672131, 0.9364069952305246, 0.9537953795379538, 0.899671052631579, 0.9738562091503268, 0.9507389162561576, 0.9523026315789473, 0.952076677316294, 0.9537190082644628, 0.8853288364249579, 0.9235880398671097, 0.9338842975206612, 0.9627831715210357, 0.8998410174880763, 0.9453125, 0.9133986928104575, 0.9603174603174603, 0.969439728353141, 0.9477848101265823, 0.9458128078817734]}