{"num_samples": [16, 32, 48, 64, 80, 96, 112, 128, 144, 160, 176, 192, 208, 224, 240, 256, 272, 288, 304, 320, 336, 352, 368, 384, 400, 416, 432, 448, 464, 480, 496, 512, 528, 544, 560, 576, 592, 608, 624, 640, 656, 672, 688, 704, 720, 736, 752, 768, 784, 800, 816, 832, 848, 864, 880, 896, 912, 928, 944, 960, 976, 992, 1008, 1024, 1040, 1056, 1072, 1088, 1104, 1120, 1136, 1152, 1168, 1184, 1200, 1216, 1232, 1248, 1264, 1280, 1296, 1312, 1328, 1344, 1360, 1376, 1392, 1408, 1424, 1440, 1456, 1472, 1488, 1504, 1520, 1536, 1552, 1568, 1584, 1600, 1616, 1632, 1648, 1664, 1680, 1696, 1712, 1728, 1744, 1760, 1776, 1792, 1808, 1824, 1840, 1856, 1872, 1888, 1904, 1920, 1936, 1952, 1968, 1984, 2000, 2016, 2032, 2048, 2064, 2080, 2096, 2112, 2128, 2144, 2160, 2176, 2192, 2208, 2224, 2240, 2256, 2272, 2288, 2304, 2320, 2336, 2352, 2368, 2384, 2400, 2416, 2432, 2448, 2464, 2480, 2496, 2512, 2528, 2544, 2560, 2576, 2592, 2608, 2624, 2640, 2656, 2672, 2688, 2704, 2720, 2736, 2752, 2768, 2784, 2800, 2816, 2832, 2848, 2864, 2880, 2896, 2912, 2928, 2944, 2960, 2976, 2992, 3008, 3024, 3040, 3056, 3072, 3088, 3104, 3120, 3136, 3152, 3168, 3184, 3200, 3216, 3232, 3248, 3264, 3280, 3296, 3312, 3328, 3344, 3360, 3376, 3392, 3408, 3424, 3440, 3456, 3472, 3488, 3504, 3520, 3536, 3552, 3568, 3584, 3600, 3616, 3632, 3648, 3664, 3680, 3696, 3712, 3728, 3744, 3760, 3776, 3792, 3808, 3824, 3840, 3856, 3872, 3888, 3904, 3920, 3936, 3952, 3968, 3984, 4000, 4016, 4032, 4048, 4064, 4080, 4096, 4112, 4128, 4144, 4160, 4176, 4192, 4208, 4224, 4240, 4256, 4272, 4288, 4304, 4320, 4336, 4352, 4368, 4384, 4400, 4416, 4432, 4448, 4464, 4480, 4496, 4512, 4528, 4544, 4560, 4576, 4592, 4608, 4624, 4640, 4656, 4672, 4688, 4704, 4720, 4736, 4752, 4768, 4784, 4800], "accs": [0.474609375, 0.501953125, 0.50390625, 0.720703125, 0.521484375, 0.625, 0.513671875, 0.646484375, 0.529296875, 0.666015625, 0.474609375, 0.5078125, 0.44921875, 0.595703125, 0.638671875, 0.5703125, 0.62109375, 0.62109375, 0.49609375, 0.5234375, 0.51171875, 0.662109375, 0.685546875, 0.744140625, 0.51953125, 0.517578125, 0.509765625, 0.50390625, 0.56640625, 0.51953125, 0.482421875, 0.47265625, 0.490234375, 0.4921875, 0.455078125, 0.49609375, 0.48828125, 0.478515625, 0.490234375, 0.48046875, 0.53515625, 0.48046875, 0.541015625, 0.466796875, 0.466796875, 0.494140625, 0.4453125, 0.51953125, 0.474609375, 0.490234375, 0.4609375, 0.48828125, 0.50390625, 0.5, 0.546875, 0.509765625, 0.4921875, 0.544921875, 0.505859375, 0.544921875, 0.517578125, 0.498046875, 0.498046875, 0.4765625, 0.494140625, 0.509765625, 0.515625, 0.517578125, 0.498046875, 0.47265625, 0.51171875, 0.51171875, 0.478515625, 0.521484375, 0.50390625, 0.484375, 0.5, 0.494140625, 0.513671875, 0.525390625, 0.5625, 0.521484375, 0.57421875, 0.498046875, 0.541015625, 0.482421875, 0.494140625, 0.48828125, 0.515625, 0.66015625, 0.505859375, 0.513671875, 0.517578125, 0.517578125, 0.498046875, 0.474609375, 0.498046875, 0.48046875, 0.505859375, 0.4765625, 0.537109375, 0.5078125, 0.509765625, 0.47265625, 0.48828125, 0.59375, 0.4921875, 0.576171875, 0.66796875, 0.52734375, 0.490234375, 0.57421875, 0.6328125, 0.50390625, 0.525390625, 0.52734375, 0.525390625, 0.478515625, 0.546875, 0.646484375, 0.498046875, 0.673828125, 0.5078125, 0.556640625, 0.478515625, 0.517578125, 0.455078125, 0.564453125, 0.533203125, 0.591796875, 0.64453125, 0.525390625, 0.4765625, 0.470703125, 0.50390625, 0.50390625, 0.453125, 0.54296875, 0.5, 0.591796875, 0.61328125, 0.5546875, 0.5078125, 0.525390625, 0.490234375, 0.470703125, 0.4921875, 0.56640625, 0.5859375, 0.48828125, 0.458984375, 0.478515625, 0.513671875, 0.59765625, 0.572265625, 0.60546875, 0.677734375, 0.703125, 0.626953125, 0.54296875, 0.474609375, 0.4765625, 0.603515625, 0.74609375, 0.642578125, 0.677734375, 0.658203125, 0.52734375, 0.498046875, 0.509765625, 0.6796875, 0.5, 0.6484375, 0.73046875, 0.654296875, 0.708984375, 0.64453125, 0.49609375, 0.521484375, 0.486328125, 0.580078125, 0.515625, 0.58203125, 0.654296875, 0.70703125, 0.58203125, 0.490234375, 0.5859375, 0.57421875, 0.6953125, 0.51953125, 0.498046875, 0.466796875, 0.48828125, 0.51171875, 0.529296875, 0.517578125, 0.49609375, 0.482421875, 0.654296875, 0.5078125, 0.49609375, 0.521484375, 0.638671875, 0.6640625, 0.56640625, 0.501953125, 0.60546875, 0.52734375, 0.552734375, 0.490234375, 0.515625, 0.486328125, 0.47265625, 0.484375, 0.515625, 0.537109375, 0.724609375, 0.55859375, 0.486328125, 0.5, 0.529296875, 0.517578125, 0.498046875, 0.482421875, 0.564453125, 0.59375, 0.53125, 0.59765625, 0.759765625, 0.609375, 0.5, 0.52734375, 0.498046875, 0.525390625, 0.501953125, 0.525390625, 0.505859375, 0.494140625, 0.486328125, 0.484375, 0.4765625, 0.658203125, 0.650390625, 0.734375, 0.54296875, 0.673828125, 0.6796875, 0.65234375, 0.515625, 0.6796875, 0.587890625, 0.64453125, 0.62109375, 0.654296875, 0.6640625, 0.6015625, 0.65625, 0.662109375, 0.642578125, 0.712890625, 0.693359375, 0.580078125, 0.5, 0.587890625, 0.482421875, 0.521484375, 0.52734375, 0.4453125, 0.521484375, 0.48828125, 0.501953125, 0.49609375, 0.626953125, 0.716796875, 0.865234375, 0.79296875, 0.76171875, 0.779296875, 0.744140625, 0.71875, 0.669921875, 0.572265625, 0.482421875, 0.546875, 0.505859375, 0.48828125, 0.451171875, 0.50390625, 0.572265625, 0.71484375, 0.705078125, 0.7578125, 0.82421875, 0.783203125, 0.564453125, 0.482421875, 0.630859375, 0.482421875, 0.513671875]}