{"num_samples": [0, 1, 2, 3, 4, 5, 6, 7, 8, 9, 10, 11, 12, 13, 14, 15, 16, 17, 18, 19, 20, 21, 22, 23, 24, 25, 26, 27, 28, 29], "accs": [0.6207349081364829, 0.8877805486284289, 0.73375, 0.7869062901155327, 0.9214195183776933, 0.94, 0.8325062034739454, 0.9075215782983971, 0.8726823238566132, 0.8023255813953488, 0.9377289377289377, 0.8260309278350515, 0.9609079445145019, 0.8554838709677419, 0.9607843137254902, 0.8306148055207027, 0.9504447268106735, 0.9045226130653267, 0.7165259348612787, 0.9215189873417722, 0.9318181818181818, 0.9335038363171355, 0.871571072319202, 0.9441687344913151, 0.8930817610062893, 0.7663782447466008, 0.9239130434782609, 0.919496855345912, 0.9499374217772215, 0.8578811369509044]}