{"num_samples": [7, 11, 19, 28, 32, 41, 44, 49, 49, 50, 56, 60, 66, 68, 76, 79, 80, 83, 86, 86, 86, 88, 91, 94, 100, 101, 102, 107, 107, 107, 107, 107, 108, 116, 116, 117, 122, 124, 133, 135, 137, 139, 141, 143, 143, 146, 148, 149, 149, 149, 149, 149, 149, 149, 149, 149, 150, 153, 155, 155, 157, 158, 159, 162, 162, 162, 164, 170, 170, 170, 170, 171, 178, 178, 178, 178, 178, 178, 179, 186, 186, 186, 186, 186, 186, 187, 189, 190, 195, 196, 199, 200, 200, 200, 201, 207, 207, 207, 207, 207, 208, 215, 215, 215, 215, 215, 215, 215, 215, 215, 215, 216, 217, 217, 218, 221, 222, 225, 225, 226, 226, 226, 227, 229, 229, 229, 230, 236, 237, 238, 239, 241, 243, 243, 243, 245, 245, 245, 245, 245, 245, 245, 246, 249, 251, 251, 252, 253, 254, 254, 255, 256, 258, 258, 258, 258, 258, 258, 258, 258, 258, 258, 259, 261, 261, 262, 265, 266, 266, 266, 267, 268, 268, 268, 268, 268, 268, 270, 275, 275, 276, 278, 279, 280, 280, 280, 280, 281, 285, 288, 288, 289, 289, 289, 290, 291, 291, 291, 291, 291, 291, 291, 291, 291, 291, 291, 292, 293, 294, 296, 296, 296, 298, 303, 303, 303, 303, 304, 305, 305, 306, 306, 306, 306, 307, 307, 307, 308, 309, 311, 311, 311, 312, 312, 312, 312, 312, 312, 312, 312, 312, 312, 312, 312, 312, 312, 312, 312, 312, 312, 312, 312, 313, 321, 321, 321, 321, 321, 321, 321, 322, 324, 325, 325, 327, 327, 327, 327, 327, 328, 333, 333, 333, 333, 333, 334, 336, 336, 336, 336, 337, 337, 338, 339, 341, 342, 345, 345, 346, 351, 351, 351, 351, 351, 351, 351, 351, 351, 352, 357], "accs": [0.52734375, 0.52734375, 0.505859375, 0.734375, 0.48046875, 0.826171875, 0.466796875, 0.775390625, 0.783203125, 0.521484375, 0.802734375, 0.486328125, 0.822265625, 0.50390625, 0.751953125, 0.84375, 0.79296875, 0.828125, 0.861328125, 0.86328125, 0.875, 0.662109375, 0.810546875, 0.68359375, 0.814453125, 0.955078125, 0.466796875, 0.958984375, 0.962890625, 0.96484375, 0.94921875, 0.958984375, 0.509765625, 0.943359375, 0.943359375, 0.517578125, 0.921875, 0.498046875, 0.927734375, 0.62890625, 0.91015625, 0.625, 0.888671875, 0.9375, 0.884765625, 0.830078125, 0.900390625, 0.984375, 0.98046875, 0.978515625, 0.974609375, 0.98828125, 0.982421875, 0.982421875, 0.984375, 0.97265625, 0.474609375, 0.9375, 0.85546875, 0.83984375, 0.908203125, 0.904296875, 0.884765625, 0.978515625, 0.974609375, 0.9765625, 0.513671875, 0.982421875, 0.97265625, 0.986328125, 0.984375, 0.517578125, 0.96875, 0.96875, 0.9765625, 0.974609375, 0.96875, 0.974609375, 0.48046875, 0.96875, 0.97265625, 0.97265625, 0.98046875, 0.974609375, 0.966796875, 0.515625, 0.953125, 0.65625, 0.970703125, 0.837890625, 0.943359375, 0.9921875, 0.998046875, 0.998046875, 0.48828125, 0.990234375, 0.98046875, 0.984375, 0.9921875, 0.978515625, 0.494140625, 0.984375, 0.970703125, 0.986328125, 0.9765625, 0.978515625, 0.98046875, 0.9765625, 0.970703125, 0.96875, 0.978515625, 0.8125, 0.947265625, 0.970703125, 0.837890625, 0.9609375, 0.818359375, 0.95703125, 0.95703125, 0.958984375, 0.953125, 0.974609375, 0.9453125, 0.970703125, 0.974609375, 0.96875, 0.560546875, 0.96875, 0.708984375, 0.912109375, 0.94140625, 0.93359375, 0.953125, 0.947265625, 0.943359375, 0.998046875, 0.998046875, 1.0, 0.998046875, 0.994140625, 0.99609375, 0.9921875, 0.794921875, 0.880859375, 0.9140625, 0.91015625, 0.94921875, 0.98828125, 0.95703125, 0.947265625, 0.986328125, 0.541015625, 0.9921875, 0.994140625, 0.986328125, 0.98828125, 0.98828125, 0.9921875, 0.986328125, 0.990234375, 0.986328125, 0.9921875, 0.783203125, 0.943359375, 0.943359375, 0.87109375, 0.98046875, 0.9453125, 0.94921875, 0.955078125, 0.8828125, 0.984375, 0.98828125, 0.990234375, 0.9921875, 0.994140625, 0.984375, 0.759765625, 0.9765625, 0.982421875, 0.822265625, 0.982421875, 0.873046875, 0.974609375, 0.978515625, 0.96875, 0.970703125, 0.90625, 0.78125, 0.986328125, 0.9609375, 0.96484375, 0.935546875, 0.955078125, 0.947265625, 0.986328125, 0.986328125, 0.986328125, 0.9921875, 0.9921875, 0.9921875, 0.9921875, 0.98828125, 0.994140625, 0.9921875, 0.998046875, 0.78125, 0.994140625, 0.701171875, 0.986328125, 0.982421875, 0.99609375, 0.734375, 0.978515625, 0.98046875, 0.974609375, 0.978515625, 0.859375, 0.97265625, 0.974609375, 0.91796875, 0.9375, 0.9453125, 0.931640625, 0.958984375, 0.96875, 0.9609375, 0.984375, 0.78125, 0.97265625, 0.978515625, 0.96484375, 0.99609375, 0.99609375, 0.9921875, 0.998046875, 0.99609375, 0.994140625, 0.998046875, 0.994140625, 0.998046875, 1.0, 0.9921875, 0.994140625, 0.998046875, 0.99609375, 0.998046875, 0.998046875, 0.998046875, 0.994140625, 0.99609375, 0.998046875, 0.56640625, 0.994140625, 0.98828125, 0.994140625, 0.9921875, 0.98046875, 0.986328125, 0.986328125, 0.75390625, 0.947265625, 0.94921875, 0.958984375, 0.984375, 0.98046875, 0.98828125, 0.990234375, 0.9921875, 0.6953125, 0.9765625, 0.984375, 0.9921875, 0.984375, 0.974609375, 0.853515625, 0.94921875, 0.96875, 0.96484375, 0.966796875, 0.9609375, 0.94921875, 0.943359375, 0.974609375, 0.892578125, 0.84765625, 0.998046875, 1.0, 0.568359375, 0.990234375, 0.98828125, 0.98828125, 0.9921875, 0.990234375, 0.986328125, 0.990234375, 0.98046875, 0.984375, 0.595703125, 0.984375]}