{"num_samples": [7, 13, 14, 23, 26, 30, 36, 38, 44, 46, 55, 55, 57, 66, 66, 67, 73, 78, 83, 86, 91, 94, 99, 101, 104, 108, 111, 113, 118, 120, 122, 128, 129, 133, 135, 141, 142, 150, 152, 156, 156, 156, 157, 162, 162, 165, 166, 168, 174, 177, 181, 184, 187, 190, 190, 191, 194, 197, 201, 202, 207, 209, 210, 216, 219, 222, 225, 230, 231, 232, 233, 235, 241, 243, 248, 250, 250, 250, 250, 250, 250, 251, 253, 253, 254, 257, 261, 268, 274, 275, 278, 280, 282, 283, 285, 287, 290, 293, 297, 299, 302, 305, 308, 309, 311, 311, 312, 315, 315, 317, 319, 319, 320, 323, 324, 325, 326, 328, 333, 334, 334, 336, 338, 340, 348, 348, 349, 352, 359, 359, 360, 363, 367, 369, 371, 373, 376, 380, 383, 385, 388, 389, 397, 401, 401, 404, 405, 411, 412, 413, 415, 415, 416, 418, 419, 424, 427, 433, 434, 435, 436, 443, 446, 448, 450, 450, 450, 452, 453, 455, 457, 457, 460, 461, 461, 466, 468, 470, 474, 479, 480, 483, 484, 486, 488, 489, 489, 490, 490, 492, 495, 496, 498, 499, 502, 503, 504, 508, 508, 508, 508, 509, 510, 511, 512, 513, 520, 520, 520, 520, 521, 525, 528, 528, 531, 532, 538, 542, 543, 547, 547, 549, 551, 554, 561, 562, 562, 563, 563, 565, 565, 566, 567, 569, 570, 570, 574, 575, 577, 579, 580, 581, 582, 583, 587, 589, 590, 598, 601, 601, 603, 604, 604, 605, 608, 608, 610, 611, 614, 616, 619, 619, 620, 624, 624, 625, 631, 632, 632, 634, 634, 634, 634, 635, 637, 638, 640, 642, 643, 647, 648, 650, 652, 653, 655, 656, 657, 658, 661, 661, 662, 663, 667, 667, 667, 667, 668, 670, 671, 672], "accs": [0.53125, 0.908203125, 0.455078125, 0.833984375, 0.732421875, 0.482421875, 0.91015625, 0.4765625, 0.900390625, 0.515625, 0.875, 0.927734375, 0.515625, 0.892578125, 0.892578125, 0.4765625, 0.837890625, 0.490234375, 0.84765625, 0.5390625, 0.853515625, 0.58203125, 0.8515625, 0.759765625, 0.798828125, 0.87109375, 0.884765625, 0.521484375, 0.91796875, 0.841796875, 0.537109375, 0.845703125, 0.689453125, 0.857421875, 0.626953125, 0.892578125, 0.623046875, 0.87109375, 0.67578125, 0.955078125, 0.96875, 0.96484375, 0.619140625, 0.861328125, 0.861328125, 0.80859375, 0.8515625, 0.7265625, 0.880859375, 0.822265625, 0.8515625, 0.853515625, 0.9140625, 0.876953125, 0.880859375, 0.875, 0.810546875, 0.89453125, 0.892578125, 0.845703125, 0.923828125, 0.91796875, 0.576171875, 0.927734375, 0.728515625, 0.904296875, 0.810546875, 0.892578125, 0.96875, 0.876953125, 0.951171875, 0.603515625, 0.916015625, 0.66796875, 0.87109375, 0.93359375, 0.947265625, 0.93359375, 0.943359375, 0.943359375, 0.935546875, 0.666015625, 0.92578125, 0.908203125, 0.8828125, 0.794921875, 0.6796875, 0.734375, 0.859375, 0.806640625, 0.892578125, 0.90234375, 0.859375, 0.875, 0.80078125, 0.896484375, 0.7734375, 0.890625, 0.814453125, 0.90234375, 0.802734375, 0.91796875, 0.869140625, 0.90234375, 0.90234375, 0.9140625, 0.873046875, 0.931640625, 0.9453125, 0.875, 0.947265625, 0.927734375, 0.77734375, 0.912109375, 0.91015625, 0.76953125, 0.931640625, 0.798828125, 0.908203125, 0.90625, 0.89453125, 0.91796875, 0.916015625, 0.484375, 0.96484375, 0.951171875, 0.904296875, 0.56640625, 0.94140625, 0.92578125, 0.646484375, 0.919921875, 0.791015625, 0.923828125, 0.810546875, 0.869140625, 0.884765625, 0.75390625, 0.927734375, 0.74609375, 0.89453125, 0.587890625, 0.912109375, 0.919921875, 0.927734375, 0.9375, 0.587890625, 0.970703125, 0.87890625, 0.78125, 0.90234375, 0.8984375, 0.90625, 0.962890625, 0.611328125, 0.939453125, 0.541015625, 0.931640625, 0.9140625, 0.927734375, 0.65234375, 0.849609375, 0.837890625, 0.8984375, 0.87890625, 0.873046875, 0.87109375, 0.8359375, 0.931640625, 0.833984375, 0.90234375, 0.931640625, 0.88671875, 0.931640625, 0.908203125, 0.923828125, 0.78125, 0.904296875, 0.5234375, 0.919921875, 0.81640625, 0.943359375, 0.849609375, 0.869140625, 0.83984375, 0.896484375, 0.87109375, 0.939453125, 0.94140625, 0.759765625, 0.953125, 0.783203125, 0.904296875, 0.87890625, 0.9453125, 0.865234375, 0.5234375, 0.966796875, 0.978515625, 0.982421875, 0.966796875, 0.9296875, 0.875, 0.93359375, 0.947265625, 0.498046875, 0.962890625, 0.96484375, 0.974609375, 0.97265625, 0.826171875, 0.67578125, 0.802734375, 0.787109375, 0.916015625, 0.70703125, 0.85546875, 0.896484375, 0.724609375, 0.919921875, 0.923828125, 0.888671875, 0.90625, 0.478515625, 0.853515625, 0.916015625, 0.90234375, 0.8828125, 0.888671875, 0.8828125, 0.873046875, 0.890625, 0.70703125, 0.9375, 0.810546875, 0.794921875, 0.916015625, 0.884765625, 0.876953125, 0.91015625, 0.8125, 0.869140625, 0.892578125, 0.822265625, 0.947265625, 0.9296875, 0.4140625, 0.650390625, 0.96484375, 0.966796875, 0.859375, 0.953125, 0.9609375, 0.853515625, 0.935546875, 0.90625, 0.84375, 0.89453125, 0.82421875, 0.91015625, 0.94921875, 0.96484375, 0.7890625, 0.98046875, 0.96484375, 0.66796875, 0.9609375, 0.841796875, 0.841796875, 0.939453125, 0.95703125, 0.94140625, 0.955078125, 0.85546875, 0.93359375, 0.908203125, 0.779296875, 0.92578125, 0.814453125, 0.94140625, 0.8671875, 0.810546875, 0.908203125, 0.931640625, 0.94140625, 0.947265625, 0.912109375, 0.748046875, 0.97265625, 0.958984375, 0.919921875, 0.728515625, 0.9765625, 0.96484375, 0.9765625, 0.974609375, 0.779296875, 0.9296875, 0.93359375, 0.9140625]}