{"num_samples": [11, 19, 29, 36, 42, 54, 63, 70, 81, 90, 99, 109, 119, 132, 143, 155, 162, 173, 184, 197, 208, 220, 228, 240, 250, 258, 270, 282, 293, 304, 315, 325, 337, 350, 360, 368, 381, 390, 400, 415, 427, 437, 446, 457, 467, 480, 489, 498, 504, 511, 522, 534, 542, 548, 559, 567, 572, 582, 590, 600, 610, 620, 630, 638, 647, 655, 668, 676, 688, 698, 706, 718, 729, 741, 747, 756, 764, 771, 780, 792, 801, 812, 822, 832, 843, 850, 862, 875, 886, 893, 901, 911, 922, 931, 941, 951, 960, 970, 980, 990, 1000, 1012, 1025, 1033, 1041, 1054, 1062, 1073, 1080, 1088, 1101, 1112, 1121, 1128, 1139, 1152, 1162, 1172, 1182, 1189, 1198, 1210, 1222, 1232, 1239, 1250, 1260, 1269, 1277, 1284, 1294, 1304, 1312, 1323, 1336, 1344, 1354, 1363, 1367, 1376, 1385, 1396, 1403, 1413, 1423, 1432, 1443, 1454, 1464, 1473, 1481, 1491, 1502, 1510, 1521, 1530, 1539, 1548, 1556, 1565, 1576, 1586, 1596, 1605, 1616, 1627, 1635, 1643, 1652, 1663, 1672, 1680, 1690, 1698, 1709, 1717, 1729, 1737, 1744, 1751, 1762, 1774, 1783, 1792, 1802, 1815, 1823, 1828, 1840, 1851, 1859, 1872, 1880, 1888, 1900, 1912, 1919, 1925, 1938, 1945, 1953, 1967, 1979, 1989, 2001, 2010, 2020, 2026, 2036, 2048, 2056, 2068, 2078, 2085, 2093, 2101, 2110, 2121, 2128, 2137, 2146, 2151, 2164, 2171, 2181, 2192, 2200, 2209, 2218, 2226, 2236, 2245, 2255, 2265, 2273, 2284, 2294, 2306, 2320, 2328, 2337, 2346, 2360, 2368, 2381, 2392, 2401, 2410, 2419, 2428, 2436, 2445, 2453, 2459, 2468, 2475, 2485, 2495, 2503, 2512, 2522, 2531, 2541, 2549, 2560, 2569, 2579, 2587, 2597, 2609, 2620, 2628, 2638, 2645, 2658, 2669, 2679, 2690, 2702, 2709, 2717, 2728, 2738, 2750, 2761, 2771, 2784, 2795, 2804, 2818, 2826, 2837, 2848, 2855, 2864, 2874, 2884, 2891, 2902, 2911], "accs": [0.7756410256410257, 0.8436482084690554, 0.7767584097859327, 0.7711598746081505, 0.9411764705882353, 0.89375, 0.8543046357615894, 0.9243421052631579, 0.8836477987421384, 0.9589905362776026, 0.8282208588957055, 0.8249158249158249, 0.8534201954397395, 0.9540983606557377, 0.9292929292929293, 0.9076433121019108, 0.9423728813559322, 0.8900343642611683, 0.9093851132686084, 0.8741721854304636, 0.9567901234567902, 0.9448051948051948, 0.9452054794520548, 0.9395973154362416, 0.9522292993630573, 0.9680851063829787, 0.9111111111111111, 0.9612676056338029, 0.9191616766467066, 0.9444444444444444, 0.9267515923566879, 0.9292929292929293, 0.9305993690851735, 0.9050847457627119, 0.9678456591639871, 0.9081272084805654, 0.9678456591639871, 0.8554216867469879, 0.9537953795379538, 0.9297658862876255, 0.9752321981424149, 0.9655172413793104, 0.8938906752411575, 0.8065573770491803, 0.9720496894409938, 0.9682539682539683, 0.9462025316455697, 0.7724358974358975, 0.7915309446254072, 0.8811881188118812, 0.972318339100346, 0.954248366013072, 0.9745222929936306, 0.9839743589743589, 0.9365079365079365, 0.967741935483871, 0.9526813880126183, 0.9596273291925466, 0.9025974025974026, 0.9731543624161074, 0.9873817034700315, 0.9769736842105263, 0.9288025889967637, 0.9873817034700315, 0.9753086419753086, 0.9966666666666667, 0.9932432432432432, 0.9384615384615385, 0.9704918032786886, 0.9385113268608414, 0.9681528662420382, 0.95, 0.9802631578947368, 0.9741100323624595, 0.980327868852459, 0.9315960912052117, 0.9721362229102167, 0.978125, 0.9695945945945946, 0.9283387622149837, 0.9720496894409938, 0.9800664451827242, 0.9473684210526315, 0.974025974025974, 0.9316770186335404, 0.909375, 0.9712460063897763, 0.9628482972136223, 0.9749216300940439, 0.9053627760252366, 0.9528301886792453, 0.9712460063897763, 0.9161490683229814, 0.9622641509433962, 0.9601328903654485, 0.9614147909967846, 0.9589905362776026, 0.9639344262295082, 0.9164086687306502, 0.9415584415584416, 0.9656357388316151, 0.922077922077922, 0.9833887043189369, 0.9606060606060606, 0.9873817034700315, 0.9607843137254902, 0.8953846153846153, 0.9288025889967637, 0.92, 0.9828767123287672, 0.9163987138263665, 0.9878048780487805, 0.918429003021148, 0.9903846153846154, 0.93993993993994, 0.9871382636655949, 0.9698996655518395, 0.9783950617283951, 0.9934426229508196, 0.9611307420494699, 0.9832775919732442, 0.9472049689440993, 0.9897260273972602, 0.9896907216494846, 0.9935064935064936, 0.97, 0.9580645161290322, 0.9716981132075472, 0.959866220735786, 0.9843260188087775, 0.9935483870967742, 0.9937304075235109, 0.966996699669967, 0.9968944099378882, 0.9852507374631269, 0.9901960784313726, 0.9867549668874173, 0.9768211920529801, 0.9451612903225807, 0.9681528662420382, 0.9678571428571429, 0.9774193548387097, 0.9745222929936306, 0.9704918032786886, 0.9805825242718447, 0.9848942598187311, 0.9764309764309764, 0.975, 0.96875, 0.9573170731707317, 0.9834437086092715, 0.987012987012987, 0.9901315789473685, 0.9695121951219512, 0.9707792207792207, 0.9768211920529801, 0.96875, 0.9753846153846154, 0.9612903225806452, 0.990506329113924, 0.9685534591194969, 0.9682539682539683, 0.9623824451410659, 0.9767441860465116, 0.9761194029850746, 0.9873015873015873, 0.9940119760479041, 0.9719298245614035, 0.9741935483870968, 0.9934426229508196, 0.9933554817275747, 0.9968847352024922, 0.9833887043189369, 0.9742765273311897, 0.9800664451827242, 0.9967948717948718, 0.9842767295597484, 0.9876160990712074, 0.9650793650793651, 0.9768211920529801, 0.9869706840390879, 0.9935897435897436, 0.9968553459119497, 0.9871794871794872, 0.9743589743589743, 0.970873786407767, 0.9685534591194969, 0.9829931972789115, 0.92, 0.9662576687116564, 0.9904153354632588, 0.9867109634551495, 0.9783950617283951, 0.9709677419354839, 0.9639344262295082, 0.978125, 0.9639344262295082, 0.9801980198019802, 0.9897959183673469, 0.9901639344262295, 0.9829931972789115, 0.9767441860465116, 0.9840764331210191, 0.9837133550488599, 0.9906832298136646, 0.9760479041916168, 0.9805825242718447, 0.9839743589743589, 0.9840764331210191, 0.9966666666666667, 0.9801980198019802, 0.9709677419354839, 0.9684542586750788, 0.9835526315789473, 0.9935691318327974, 0.9811320754716981, 0.9697986577181208, 0.9967845659163987, 0.9898648648648649, 0.9633333333333334, 0.9869706840390879, 0.9751552795031055, 1.0, 0.9867986798679867, 0.9682539682539683, 0.9771986970684039, 0.9875, 0.9784615384615385, 0.98125, 0.9936708860759493, 0.987460815047022, 0.9867549668874173, 0.990228013029316, 0.9902597402597403, 0.9726962457337884, 0.9704918032786886, 0.9936507936507937, 0.9840764331210191, 0.9873015873015873, 0.9898305084745763, 0.9845201238390093, 0.9777777777777777, 0.9847560975609756, 0.9668874172185431, 0.99, 0.9897959183673469, 0.9765886287625418, 0.9937694704049844, 0.9735973597359736, 0.9904153354632588, 0.9777777777777777, 0.9707792207792207, 0.9746835443037974, 0.9935691318327974, 0.9933993399339934, 0.9575163398692811, 0.9931506849315068, 0.9875, 0.9806451612903225, 0.9846153846153847, 0.9765100671140939, 0.9839228295819936, 0.9837133550488599, 0.9936507936507937, 0.9845201238390093, 0.9899328859060402, 0.9840255591054313, 0.9864406779661017, 0.9626168224299065, 0.9805194805194806, 0.9784615384615385, 0.9966666666666667, 0.9754601226993865, 0.9727891156462585, 0.9706840390879479, 0.9969512195121951, 0.9933333333333333, 0.9807073954983923, 0.9935897435897436, 0.9871382636655949, 0.9559322033898305, 0.9939393939393939, 0.9872611464968153, 0.9874213836477987, 0.9868852459016394, 0.9874213836477987, 0.9966777408637874, 0.9866220735785953, 0.9805194805194806, 0.9832214765100671, 0.98989898989899, 0.9898305084745763, 0.9907120743034056, 0.9937106918238994, 0.9968847352024922, 0.993127147766323, 0.9934640522875817, 0.9801980198019802, 0.9969418960244648, 0.9967320261437909]}