{"num_samples": [0, 1, 2, 3, 4, 5, 6, 7, 8, 9, 10, 11, 12, 13, 14, 15, 16, 17, 18, 19, 20, 21, 22, 23, 24, 25, 26, 27, 28, 29, 30, 31, 32, 33, 34, 35, 36, 37, 38, 39, 40, 41, 42, 43, 44, 45, 46, 47, 48, 49, 50, 51, 52, 53, 54, 55, 56, 57, 58, 59, 60, 61, 62, 63, 64, 65, 66, 67, 68, 69, 70, 71, 72, 73, 74, 75, 76, 77, 78, 79, 80, 81, 82, 83, 84, 85, 86, 87, 88, 89, 90, 91, 92, 93, 94, 95, 96, 97, 98, 99, 100, 101, 102, 103, 104, 105, 106, 107, 108, 109, 110, 111, 112, 113, 114, 115, 116, 117, 118, 119, 120, 121, 122, 123, 124, 125, 126, 127], "accs": [0.6567741935483871, 0.6811955168119551, 0.6483516483516484, 0.7695167286245354, 0.6471321695760599, 0.7824427480916031, 0.6433915211970075, 0.860969387755102, 0.6396508728179551, 0.9121287128712872, 0.6360201511335013, 0.9454545454545454, 0.631055900621118, 0.9127764127764127, 0.7972292191435768, 0.6582597730138714, 0.46608040201005024, 0.8211586901763224, 0.5778331257783312, 0.8606965174129353, 0.8093434343434344, 0.7780487804878049, 0.8285356695869838, 0.6454081632653061, 0.8659420289855072, 0.8146279949558638, 0.7170050761421319, 0.6060225846925973, 0.8564167725540025, 0.6024691358024692, 0.9359296482412061, 0.6620428751576293, 0.962640099626401, 0.6708860759493671, 0.9540372670807453, 0.667953667953668, 0.9331651954602774, 0.7044025157232704, 0.9578686493184635, 0.6513994910941476, 0.9485294117647058, 0.7496839443742098, 0.9105392156862745, 0.9411027568922306, 0.6198979591836735, 0.9577114427860697, 0.8161209068010076, 0.915, 0.845771144278607, 0.8312958435207825, 0.8559322033898306, 0.8583535108958837, 0.8934010152284264, 0.8127388535031848, 0.8881748071979434, 0.9173859432799013, 0.763681592039801, 0.8722084367245657, 0.7542997542997543, 0.8487928843710292, 0.8762135922330098, 0.8179519595448799, 0.8869565217391304, 0.883248730964467, 0.8613861386138614, 0.8725, 0.6716981132075471, 0.8980891719745223, 0.8727735368956743, 0.8926342072409488, 0.8488228004956629, 0.9085365853658537, 0.8185140073081608, 0.8695106649937264, 0.8192161820480405, 0.8785276073619632, 0.8005181347150259, 0.8589263420724095, 0.8318804483188045, 0.8132832080200502, 0.8791348600508906, 0.8604938271604938, 0.920253164556962, 0.8581997533908755, 0.926860025220681, 0.8638613861386139, 0.8997555012224939, 0.8480204342273308, 0.9073842302878599, 0.8470149253731343, 0.8886138613861386, 0.8055555555555556, 0.9127272727272727, 0.776796973518285, 0.8861386138613861, 0.8430160692212608, 0.8567931456548348, 0.7779156327543424, 0.7919799498746867, 0.7982565379825654, 0.8503740648379052, 0.8900126422250316, 0.8555417185554172, 0.9007352941176471, 0.8300970873786407, 0.8837803320561941, 0.8434782608695652, 0.853416149068323, 0.8411330049261084, 0.8557457212713936, 0.8759305210918115, 0.7151898734177216, 0.8571428571428571, 0.8290282902829028, 0.8382352941176471, 0.8559006211180125, 0.8371794871794872, 0.876117496807152, 0.8525641025641025, 0.9070063694267516, 0.821917808219178, 0.9030226700251889, 0.841168996188056, 0.8768472906403941, 0.8760951188986232, 0.9227848101265823, 0.8832923832923832, 0.8703030303030304]}