{"num_samples": [0, 1, 2, 3, 4, 5, 6, 7, 8, 9, 10, 11, 12, 13, 14, 15, 16, 17, 18, 19, 20, 21, 22, 23, 24, 25, 26, 27, 28, 29, 30, 31, 32, 33, 34, 35, 36, 37, 38, 39, 40, 41, 42, 43, 44, 45, 46, 47, 48, 49, 50, 51, 52, 53, 54, 55, 56, 57, 58, 59, 60, 61, 62, 63, 64, 65, 66, 67, 68, 69, 70, 71, 72, 73, 74, 75, 76, 77, 78, 79, 80, 81, 82, 83, 84, 85, 86, 87, 88, 89, 90, 91, 92, 93, 94, 95, 96, 97, 98, 99, 100, 101, 102, 103, 104, 105, 106, 107, 108, 109, 110, 111, 112, 113, 114, 115, 116, 117, 118, 119, 120, 121, 122, 123, 124, 125, 126, 127, 128, 129, 130, 131, 132, 133, 134, 135, 136, 137, 138, 139, 140, 141, 142, 143, 144, 145, 146, 147, 148, 149, 150, 151, 152, 153, 154, 155, 156, 157, 158, 159, 160, 161, 162, 163, 164, 165, 166, 167, 168, 169, 170, 171, 172, 173, 174, 175, 176, 177, 178, 179, 180, 181, 182, 183, 184, 185, 186, 187, 188, 189, 190, 191, 192, 193, 194, 195, 196, 197, 198, 199, 200, 201, 202, 203, 204, 205, 206, 207, 208, 209, 210, 211, 212, 213, 214, 215, 216, 217, 218, 219, 220, 221, 222, 223, 224, 225, 226, 227, 228], "accs": [0.6191066997518611, 0.3542713567839196, 0.6516129032258065, 0.4740177439797212, 0.6550435865504358, 0.6355611601513241, 0.6511335012594458, 0.6123737373737373, 0.6588089330024814, 0.6923076923076923, 0.7288776796973518, 0.8684863523573201, 0.7860635696821516, 0.8681177976952625, 0.5628140703517588, 0.9255989911727617, 0.6417177914110429, 0.9248407643312102, 0.631578947368421, 0.9421383647798742, 0.661498708010336, 0.8841309823677582, 0.6494974874371859, 0.9205548549810845, 0.6314432989690721, 0.9186785260482846, 0.6392009987515606, 0.9227895392278954, 0.63625, 0.9109159347553325, 0.6368221941992434, 0.89875, 0.6315136476426799, 0.8953488372093024, 0.7255639097744361, 0.87468671679198, 0.8158890290037831, 0.854614412136536, 0.8052434456928839, 0.8352490421455939, 0.8144458281444583, 0.8735483870967742, 0.9191797346200241, 0.8592592592592593, 0.83875, 0.7338501291989664, 0.929192546583851, 0.6313775510204082, 0.9072039072039072, 0.6509554140127388, 0.9098765432098765, 0.8412291933418694, 0.8451776649746193, 0.8907035175879398, 0.9139784946236559, 0.8548387096774194, 0.8780788177339901, 0.88125, 0.9440389294403893, 0.9576379974326059, 0.6333754740834386, 0.9134860050890585, 0.8432835820895522, 0.8843283582089553, 0.8321078431372549, 0.9245982694684796, 0.8907242693773825, 0.9197994987468672, 0.8518518518518519, 0.8970775095298602, 0.9731379731379731, 0.6535141800246609, 0.9096534653465347, 0.7737226277372263, 0.910757946210269, 0.8591194968553459, 0.9115479115479116, 0.7919293820933165, 0.8339622641509434, 0.8978562421185372, 0.9719745222929936, 0.7374517374517374, 0.8702770780856424, 0.7076923076923077, 0.916030534351145, 0.797752808988764, 0.9148148148148149, 0.80440097799511, 0.956140350877193, 0.7161997563946407, 0.9447852760736196, 0.8777070063694268, 0.9543726235741445, 0.9099756690997567, 0.8706467661691543, 0.9271604938271605, 0.9247176913425345, 0.8040455120101138, 0.9773584905660377, 0.6965865992414665, 0.9364089775561097, 0.8768472906403941, 0.957124842370744, 0.8244949494949495, 0.9692874692874693, 0.6970074812967582, 0.904126213592233, 0.9459798994974874, 0.9275, 0.9199507389162561, 0.8643852978453739, 0.9274809160305344, 0.8010204081632653, 0.956140350877193, 0.9, 0.9676214196762142, 0.7622027534418022, 0.8488664987405542, 0.8486005089058524, 0.9375, 0.7691342534504392, 0.9510403916768666, 0.8073047858942065, 0.9458128078817734, 0.7671232876712328, 0.9329032258064516, 0.9634760705289672, 0.6271820448877805, 0.8901515151515151, 0.8529411764705882, 0.9514925373134329, 0.818955042527339, 0.9111389236545682, 0.9198473282442748, 0.9563046192259675, 0.9939172749391727, 0.6393034825870647, 0.6452784503631961, 0.9648682559598495, 0.8254950495049505, 0.9416767922235723, 0.9109159347553325, 0.912621359223301, 0.9729064039408867, 0.8865336658354115, 0.9359296482412061, 0.7525380710659898, 0.7793939393939394, 0.8754669987546699, 0.9471744471744472, 0.8845208845208845, 0.9796437659033079, 0.6653944020356234, 0.6842105263157895, 0.9402241594022416, 0.9737827715355806, 0.9039900249376559, 0.909323116219668, 0.9408866995073891, 0.9192546583850931, 0.9417721518987342, 0.982256020278834, 0.8128205128205128, 0.9760705289672544, 0.9554140127388535, 0.9477611940298507, 0.9492574257425742, 0.7302383939774153, 0.8994974874371859, 0.871501272264631, 0.9454314720812182, 0.9135959339263025, 0.9694002447980417, 0.7395171537484116, 0.9761606022584692, 0.9477521263669502, 0.9426829268292682, 0.6491885143570537, 0.9705159705159705, 0.9746835443037974, 0.929368029739777, 0.990086741016109, 0.7375796178343949, 0.9769820971867008, 0.7775, 0.8680904522613065, 0.937733499377335, 0.9033505154639175, 0.9681762545899633, 0.91875, 0.9393548387096774, 0.901219512195122, 0.9522643818849449, 0.966707768187423, 0.6981132075471698, 0.9380421313506815, 0.8888888888888888, 0.95375, 0.9873096446700508, 0.6567164179104478, 0.9451371571072319, 0.9230769230769231, 0.7066831683168316, 0.8371794871794872, 0.8214731585518102, 0.9724310776942355, 0.8800505050505051, 0.8268991282689913, 0.9309462915601023, 0.8037267080745342, 0.964824120603015, 0.9680306905370843, 0.8708860759493671, 0.9798488664987406, 0.86875, 0.9728729963008631, 0.928391959798995, 0.9590570719602978, 0.8764186633039092, 0.9860406091370558, 0.6909975669099757, 0.9720101781170484, 0.8768844221105527, 0.9286624203821656, 0.9320754716981132, 0.9739454094292804, 0.9195544554455446, 0.9514321295143213, 0.9594423320659062]}