{"num_samples": [0, 1, 2, 3, 4, 5, 6, 7, 8, 9, 10, 11, 12, 13, 14, 15, 16, 17, 18, 19, 20, 21, 22, 23, 24, 25, 26, 27, 28, 29, 30, 31, 32, 33, 34, 35, 36, 37, 38, 39, 40, 41, 42, 43, 44, 45, 46, 47, 48, 49, 50, 51, 52, 53, 54, 55, 56, 57, 58, 59, 60, 61, 62, 63, 64, 65, 66, 67, 68, 69, 70, 71, 72, 73, 74, 75, 76, 77, 78, 79, 80, 81, 82, 83, 84, 85, 86, 87, 88, 89, 90, 91, 92, 93, 94, 95, 96, 97, 98, 99, 100, 101, 102, 103, 104, 105, 106, 107, 108, 109, 110, 111, 112, 113, 114, 115, 116, 117, 118, 119, 120, 121, 122, 123, 124, 125, 126, 127, 128, 129, 130, 131, 132, 133, 134, 135, 136, 137, 138, 139, 140, 141, 142, 143, 144, 145, 146, 147, 148, 149, 150, 151, 152, 153, 154, 155, 156, 157, 158, 159, 160, 161, 162, 163, 164, 165, 166, 167, 168, 169, 170, 171, 172, 173, 174, 175], "accs": [0.828393135725429, 0.8594890510948905, 0.8300970873786407, 0.16778523489932887, 0.7940199335548173, 0.6622950819672131, 0.68, 0.6661129568106312, 0.6116504854368932, 0.7275693311582382, 0.735973597359736, 0.8072487644151565, 0.8305921052631579, 0.765079365079365, 0.712, 0.7633711507293355, 0.8491171749598716, 0.8152866242038217, 0.773095623987034, 0.8191653786707882, 0.8187808896210873, 0.7823240589198036, 0.8560250391236307, 0.8303425774877651, 0.8535825545171339, 0.7734627831715211, 0.8164251207729468, 0.8295454545454546, 0.807495741056218, 0.8309636650868878, 0.7970297029702971, 0.8253706754530478, 0.8471544715447155, 0.8528481012658228, 0.7715654952076677, 0.8593220338983051, 0.86084142394822, 0.8131868131868132, 0.8217179902755267, 0.8286189683860233, 0.8367670364500792, 0.817741935483871, 0.827922077922078, 0.8445171849427169, 0.8336192109777015, 0.8253706754530478, 0.7436762225969646, 0.8144654088050315, 0.8709677419354839, 0.7792421746293245, 0.8401898734177216, 0.8346333853354134, 0.8043117744610282, 0.803921568627451, 0.8275290215588723, 0.8421926910299004, 0.8713355048859935, 0.802547770700637, 0.8812199036918138, 0.8239202657807309, 0.8663522012578616, 0.7925696594427245, 0.8762057877813505, 0.7909967845659164, 0.8867924528301887, 0.846875, 0.8486394557823129, 0.8651685393258427, 0.805414551607445, 0.8954983922829582, 0.8483870967741935, 0.9077429983525536, 0.7961783439490446, 0.8660287081339713, 0.8373702422145328, 0.9061488673139159, 0.8488745980707395, 0.9125766871165644, 0.8249158249158249, 0.8745874587458746, 0.8220757825370676, 0.898876404494382, 0.8776167471819646, 0.7952, 0.850328947368421, 0.823240589198036, 0.8764805414551607, 0.8687196110210696, 0.8121019108280255, 0.8575757575757575, 0.7922077922077922, 0.9150326797385621, 0.8315301391035549, 0.8514190317195326, 0.8700657894736842, 0.8251968503937008, 0.8743961352657005, 0.9173290937996821, 0.8499184339314845, 0.7950413223140496, 0.9079159935379645, 0.8830128205128205, 0.9, 0.8852988691437803, 0.8569051580698835, 0.8789808917197452, 0.8825503355704698, 0.8762886597938144, 0.8406940063091483, 0.8990066225165563, 0.8517241379310345, 0.926791277258567, 0.8438538205980066, 0.8616666666666667, 0.9261637239165329, 0.8534621578099839, 0.8449367088607594, 0.8500823723228995, 0.8424543946932007, 0.8297520661157025, 0.8590831918505942, 0.8514851485148515, 0.9008403361344538, 0.8686371100164204, 0.8744186046511628, 0.8922829581993569, 0.8489326765188834, 0.8294701986754967, 0.838006230529595, 0.9254237288135593, 0.901453957996769, 0.8378812199036918, 0.8289902280130294, 0.9162303664921466, 0.8330658105939005, 0.9500805152979066, 0.8738019169329073, 0.9405940594059405, 0.8622950819672132, 0.8678929765886287, 0.8938640132669984, 0.8626817447495961, 0.9175084175084175, 0.8808777429467085, 0.9476190476190476, 0.834658187599364, 0.8955696202531646, 0.9044585987261147, 0.8901453957996769, 0.9072512647554806, 0.8745980707395499, 0.910828025477707, 0.8904538341158059, 0.8873239436619719, 0.9041322314049587, 0.8901453957996769, 0.8961661341853036, 0.8835616438356164, 0.915, 0.8798701298701299, 0.9112903225806451, 0.9147157190635451, 0.8725490196078431, 0.9272727272727272, 0.8878205128205128, 0.9379968203497615, 0.913322632423756, 0.8894230769230769, 0.8886986301369864, 0.9136212624584718, 0.8394415357766143, 0.9427609427609428, 0.8924914675767918, 0.8462809917355372, 0.9080267558528428, 0.9218500797448166]}