{"num_samples": [16, 32, 48, 64, 80, 96, 112, 128, 144, 160, 176, 192, 208, 224, 240, 256, 272, 288, 304, 320, 336, 352, 368, 384, 400, 416, 432, 448, 464, 480, 496, 512, 528, 544, 560, 576, 592, 608, 624, 640, 656, 672, 688, 704, 720, 736, 752, 768, 784, 800, 816, 832, 848, 864, 880, 896, 912, 928, 944, 960, 976, 992, 1008, 1024, 1040, 1056, 1072, 1088, 1104, 1120, 1136, 1152, 1168, 1184, 1200, 1216, 1232, 1248, 1264, 1280, 1296, 1312, 1328, 1344, 1360, 1376, 1392, 1408, 1424, 1440, 1456, 1472, 1488, 1504, 1520, 1536, 1552, 1568, 1584, 1600, 1616, 1632, 1648, 1664, 1680, 1696, 1712, 1728, 1744, 1760, 1776, 1792, 1808, 1824, 1840, 1856, 1872, 1888, 1904, 1920, 1936, 1952, 1968, 1984, 2000, 2016, 2032, 2048, 2064, 2080, 2096, 2112, 2128, 2144, 2160, 2176, 2192, 2208, 2224, 2240, 2256, 2272, 2288, 2304, 2320, 2336, 2352, 2368, 2384, 2400, 2416, 2432, 2448, 2464, 2480, 2496, 2512, 2528, 2544, 2560, 2576, 2592, 2608, 2624, 2640, 2656, 2672, 2688, 2704, 2720, 2736, 2752, 2768, 2784, 2800, 2816, 2832, 2848, 2864, 2880, 2896, 2912, 2928, 2944, 2960, 2976, 2992, 3008, 3024, 3040, 3056, 3072, 3088, 3104, 3120, 3136, 3152, 3168, 3184, 3200, 3216, 3232, 3248, 3264, 3280, 3296, 3312, 3328, 3344, 3360, 3376, 3392, 3408, 3424, 3440, 3456, 3472, 3488, 3504, 3520, 3536, 3552, 3568, 3584, 3600, 3616, 3632, 3648, 3664, 3680, 3696, 3712, 3728, 3744, 3760, 3776, 3792, 3808, 3824, 3840, 3856, 3872, 3888, 3904, 3920, 3936, 3952, 3968, 3984, 4000, 4016, 4032, 4048, 4064, 4080, 4096, 4112, 4128, 4144, 4160, 4176, 4192, 4208, 4224, 4240, 4256, 4272, 4288, 4304, 4320, 4336, 4352, 4368, 4384, 4400, 4416, 4432, 4448, 4464, 4480, 4496, 4512, 4528, 4544, 4560, 4576, 4592, 4608, 4624, 4640, 4656, 4672, 4688, 4704, 4720, 4736, 4752, 4768, 4784, 4800], "accs": [0.80078125, 0.83984375, 0.75390625, 0.890625, 0.755859375, 0.888671875, 0.806640625, 0.921875, 0.91796875, 0.919921875, 0.837890625, 0.890625, 0.83203125, 0.859375, 0.8828125, 0.935546875, 0.84375, 0.8671875, 0.97265625, 0.931640625, 0.939453125, 0.921875, 0.94140625, 0.916015625, 0.9296875, 0.962890625, 0.91796875, 0.8828125, 0.8671875, 0.931640625, 0.904296875, 0.908203125, 0.958984375, 0.888671875, 0.91796875, 0.884765625, 0.91015625, 0.8984375, 0.90234375, 0.927734375, 0.8984375, 0.798828125, 0.951171875, 0.93359375, 0.943359375, 0.896484375, 0.939453125, 0.943359375, 0.955078125, 0.9765625, 0.962890625, 0.9609375, 0.927734375, 0.951171875, 0.966796875, 0.919921875, 0.796875, 0.9375, 0.970703125, 0.9375, 0.986328125, 0.958984375, 0.919921875, 0.9609375, 0.826171875, 0.955078125, 0.94921875, 0.94921875, 0.97265625, 0.923828125, 0.96875, 0.99609375, 0.931640625, 0.962890625, 0.9453125, 0.98046875, 0.9921875, 0.96875, 0.89453125, 0.962890625, 0.9765625, 0.9609375, 0.970703125, 0.96875, 0.939453125, 0.94921875, 0.96875, 0.978515625, 0.96484375, 0.95703125, 0.978515625, 0.96484375, 0.97265625, 0.962890625, 0.986328125, 0.966796875, 0.77734375, 0.974609375, 0.982421875, 0.990234375, 0.998046875, 0.95703125, 0.861328125, 0.97265625, 0.9765625, 0.896484375, 0.998046875, 0.99609375, 0.984375, 0.966796875, 1.0, 0.955078125, 0.982421875, 0.953125, 0.962890625, 0.994140625, 0.96484375, 0.984375, 0.95703125, 1.0, 0.96875, 0.8515625, 0.95703125, 0.78125, 0.978515625, 0.982421875, 0.8671875, 0.97265625, 0.95703125, 0.9921875, 0.98046875, 0.994140625, 0.998046875, 0.91796875, 0.916015625, 0.9609375, 0.96875, 1.0, 0.998046875, 0.94140625, 0.94140625, 0.982421875, 0.974609375, 0.990234375, 0.955078125, 0.98046875, 0.984375, 0.95703125, 0.9921875, 0.939453125, 0.978515625, 0.98828125, 0.99609375, 0.896484375, 0.96484375, 0.978515625, 0.87109375, 0.962890625, 0.96875, 0.96875, 0.98046875, 0.966796875, 1.0, 0.974609375, 0.982421875, 0.953125, 0.939453125, 0.974609375, 0.990234375, 0.95703125, 0.970703125, 0.9921875, 0.998046875, 0.994140625, 0.96875, 0.994140625, 0.96875, 1.0, 1.0, 0.98046875, 0.98046875, 0.994140625, 0.96875, 0.9453125, 0.982421875, 0.98046875, 0.982421875, 0.98046875, 0.974609375, 1.0, 0.982421875, 0.96875, 0.99609375, 0.984375, 0.958984375, 1.0, 1.0, 0.984375, 0.986328125, 0.984375, 0.974609375, 0.98828125, 0.9765625, 0.974609375, 1.0, 0.96875, 0.96875, 0.99609375, 0.970703125, 0.998046875, 0.994140625, 0.9609375, 0.98828125, 0.873046875, 0.98828125, 0.9765625, 0.9609375, 0.998046875, 0.9921875, 0.986328125, 1.0, 1.0, 0.978515625, 0.986328125, 0.96875, 0.994140625, 0.984375, 1.0, 0.98046875, 0.998046875, 0.974609375, 0.99609375, 0.98046875, 0.994140625, 1.0, 0.994140625, 0.986328125, 0.982421875, 1.0, 0.986328125, 0.9921875, 1.0, 0.990234375, 0.99609375, 1.0, 0.986328125, 1.0, 0.994140625, 0.98828125, 0.998046875, 0.875, 0.99609375, 1.0, 0.99609375, 1.0, 0.998046875, 1.0, 0.98828125, 1.0, 1.0, 1.0, 1.0, 1.0, 1.0, 0.99609375, 1.0, 0.998046875, 1.0, 0.998046875, 1.0, 0.994140625, 1.0, 1.0, 1.0, 1.0, 1.0, 0.998046875, 1.0, 0.998046875, 0.99609375, 0.998046875, 0.9375, 0.99609375, 0.994140625, 1.0, 0.986328125, 1.0, 1.0, 1.0, 1.0, 1.0, 1.0, 1.0, 1.0, 1.0, 1.0, 1.0, 1.0, 1.0, 1.0]}