{"num_samples": [0, 1, 2, 3, 4, 5, 6, 7, 8, 9, 10, 11, 12, 13, 14, 15, 16, 17, 18, 19, 20, 21, 22, 23, 24, 25, 26, 27, 28, 29, 30, 31, 32, 33, 34, 35, 36, 37, 38, 39, 40, 41, 42, 43, 44, 45, 46, 47, 48, 49, 50, 51, 52, 53, 54, 55, 56, 57, 58, 59, 60, 61, 62, 63, 64, 65, 66, 67, 68, 69, 70, 71, 72, 73, 74, 75, 76, 77, 78, 79, 80, 81, 82, 83, 84, 85, 86, 87, 88, 89, 90, 91, 92, 93, 94, 95, 96, 97, 98, 99, 100, 101, 102, 103, 104, 105, 106, 107, 108, 109, 110, 111, 112, 113, 114, 115, 116, 117, 118, 119, 120, 121, 122, 123, 124, 125, 126, 127, 128, 129, 130, 131, 132, 133, 134, 135, 136, 137, 138, 139, 140, 141, 142, 143, 144, 145, 146, 147, 148, 149, 150, 151, 152, 153, 154, 155, 156, 157, 158, 159, 160, 161, 162, 163], "accs": [0.7353689567430025, 0.61, 0.6085858585858586, 0.6403940886699507, 0.6299112801013942, 0.7766497461928934, 0.7975, 0.6475716064757161, 0.8382541720154044, 0.6461538461538462, 0.8557089084065245, 0.6432098765432098, 0.6122194513715711, 0.9396551724137931, 0.957002457002457, 0.6402966625463535, 0.9695863746958637, 0.6356877323420075, 0.9111675126903553, 0.6367088607594936, 0.7169117647058824, 0.6596009975062345, 0.8205128205128205, 0.8808933002481389, 0.9073842302878599, 0.7128463476070529, 0.9205128205128205, 0.7215836526181354, 0.8822768434670116, 0.7106537530266344, 0.8815461346633416, 0.800761421319797, 0.8566037735849057, 0.818069306930693, 0.8078817733990148, 0.818639798488665, 0.8015075376884422, 0.7204433497536946, 0.8565989847715736, 0.8788659793814433, 0.7924050632911392, 0.8784461152882206, 0.7936893203883495, 0.848780487804878, 0.8314321926489227, 0.8379746835443038, 0.8439450686641697, 0.851010101010101, 0.8666666666666667, 0.8846153846153846, 0.8489847715736041, 0.8811013767209012, 0.8343868520859671, 0.9356435643564357, 0.780940594059406, 0.9163498098859315, 0.8079800498753117, 0.9638403990024937, 0.6675031367628608, 0.8103448275862069, 0.7627329192546584, 0.9375, 0.7622027534418022, 0.8718274111675127, 0.8417721518987342, 0.9682741116751269, 0.9147095179233622, 0.8968553459119497, 0.922979797979798, 0.8737745098039216, 0.9147869674185464, 0.8955414012738854, 0.8693528693528694, 0.8201530612244898, 0.849936948297604, 0.6279949558638083, 0.843065693430657, 0.8246913580246914, 0.6411837237977805, 0.7777777777777778, 0.8573200992555832, 0.8242730720606827, 0.8326996197718631, 0.9255455712451861, 0.9007731958762887, 0.6529850746268657, 0.7352572145545797, 0.8945362134688691, 0.7304452466907341, 0.9045226130653267, 0.5756410256410256, 0.9044025157232705, 0.635118306351183, 0.8790123456790123, 0.8260869565217391, 0.8879093198992444, 0.8567931456548348, 0.8017676767676768, 0.8480697384806973, 0.8228155339805825, 0.8451935081148564, 0.905422446406053, 0.8480697384806973, 0.8939393939393939, 0.869837296620776, 0.9036295369211514, 0.9100985221674877, 0.8681592039800995, 0.9156171284634761, 0.8484472049689441, 0.9082802547770701, 0.718078381795196, 0.7221526908635795, 0.5600505689001264, 0.6924019607843137, 0.8918238993710692, 0.8244552058111381, 0.867080745341615, 0.9010152284263959, 0.8119440914866582, 0.82125, 0.7533252720677146, 0.8227383863080685, 0.8083538083538083, 0.9129901960784313, 0.8149100257069408, 0.9012345679012346, 0.8578616352201258, 0.8718954248366013, 0.8236808236808236, 0.8662576687116564, 0.7858910891089109, 0.9113110539845758, 0.9206145966709347, 0.77875, 0.9181360201511335, 0.9306803594351734, 0.9092055485498108, 0.9178082191780822, 0.8830188679245283, 0.8161375661375662, 0.8238993710691824, 0.8535353535353535, 0.9014423076923077, 0.9187817258883249, 0.9418604651162791, 0.8861892583120204, 0.823086574654956, 0.8557089084065245, 0.9217171717171717, 0.9156327543424317, 0.8998778998778999, 0.9209876543209876, 0.8592964824120602, 0.6966292134831461, 0.6354430379746835, 0.7484355444305382, 0.7315789473684211, 0.8281444582814446, 0.8886138613861386, 0.9010025062656641, 0.9021329987452948, 0.8412121212121212, 0.9329962073324906]}