{"num_samples": [0, 1, 2, 3, 4, 5, 6, 7, 8, 9, 10, 11, 12, 13, 14, 15, 16, 17, 18, 19, 20, 21, 22, 23, 24, 25, 26, 27, 28, 29, 30, 31, 32, 33, 34, 35, 36, 37, 38, 39, 40, 41, 42, 43, 44, 45, 46, 47, 48, 49, 50, 51, 52, 53, 54, 55, 56, 57, 58, 59, 60, 61, 62, 63, 64, 65, 66, 67, 68, 69, 70, 71, 72, 73, 74, 75, 76, 77, 78, 79, 80, 81, 82, 83, 84, 85, 86, 87, 88, 89, 90, 91, 92, 93, 94, 95, 96, 97, 98, 99, 100, 101, 102, 103, 104, 105, 106, 107, 108, 109, 110, 111, 112, 113, 114, 115, 116, 117, 118, 119, 120, 121, 122, 123, 124, 125, 126, 127, 128, 129, 130, 131, 132, 133, 134, 135, 136, 137, 138, 139, 140, 141, 142, 143, 144, 145, 146, 147, 148, 149, 150, 151, 152, 153, 154], "accs": [0.582216808769793, 0.6377358490566037, 0.8397932816537468, 0.8865853658536585, 0.8642765685019206, 0.82, 0.8108108108108109, 0.9255050505050505, 0.8060453400503779, 0.9056603773584906, 0.8721227621483376, 0.9174876847290641, 0.9422835633626098, 0.93711467324291, 0.7133838383838383, 0.9460122699386503, 0.9592356687898089, 0.9470967741935484, 0.7135740971357409, 0.9558638083228247, 0.920253164556962, 0.8884711779448622, 0.9071782178217822, 0.9505562422744128, 0.7480916030534351, 0.9685138539042821, 0.7604938271604939, 0.9595959595959596, 0.9259723964868256, 0.8443627450980392, 0.9195121951219513, 0.9578163771712159, 0.8809523809523809, 0.9453416149068323, 0.9302915082382763, 0.9401273885350319, 0.8592964824120602, 0.94125, 0.9373433583959899, 0.9223918575063613, 0.9810126582278481, 0.855146124523507, 0.937984496124031, 0.8748435544430538, 0.9325, 0.9019108280254777, 0.9386733416770964, 0.9036755386565273, 0.9286624203821656, 0.9097839898348158, 0.9490049751243781, 0.9069182389937107, 0.923469387755102, 0.9523195876288659, 0.9394313967861557, 0.9551282051282052, 0.9033047735618115, 0.9286577992744861, 0.9405815423514539, 0.9470443349753694, 0.9098984771573604, 0.9666254635352287, 0.8416347381864623, 0.9646464646464646, 0.8965087281795511, 0.9567901234567902, 0.9411042944785276, 0.9617346938775511, 0.9160493827160494, 0.8573216520650814, 0.9595092024539877, 0.9112801013941698, 0.946078431372549, 0.9343065693430657, 0.9262899262899262, 0.9572327044025157, 0.9388004895960832, 0.9745547073791349, 0.9265463917525774, 0.946047678795483, 0.9503722084367245, 0.94529262086514, 0.9424280350438048, 0.9813432835820896, 0.9585427135678392, 0.917910447761194, 0.943558282208589, 0.8828715365239295, 0.9425717852684145, 0.9606598984771574, 0.9489671931956257, 0.9527363184079602, 0.9138149556400507, 0.9409499358151476, 0.9030612244897959, 0.9663760896637609, 0.9503105590062112, 0.9608585858585859, 0.98875, 0.8955414012738854, 0.9723618090452262, 0.8774509803921569, 0.9695044472681067, 0.9480354879594424, 0.9865196078431373, 0.9821656050955414, 0.6134020618556701, 0.9408060453400504, 0.9765142150803461, 0.9451219512195121, 0.9417596034696406, 0.9786432160804021, 0.8257575757575758, 0.9816625916870416, 0.960559796437659, 0.9564134495641345, 0.8117942283563363, 0.9514925373134329, 0.9203431372549019, 0.9756722151088348, 0.900990099009901, 0.9310344827586207, 0.9219330855018587, 0.9824561403508771, 0.9598997493734336, 0.9598997493734336, 0.9536340852130326, 0.9682337992376112, 0.9796954314720813, 0.9746192893401016, 0.9607843137254902, 0.8157560355781448, 0.9885057471264368, 0.9476885644768857, 0.9671717171717171, 0.9735516372795969, 0.9772151898734177, 0.9123456790123456, 0.9948652118100129, 0.8541147132169576, 0.9908376963350786, 0.9290953545232273, 0.990990990990991, 0.9924906132665833, 0.8431618569636136, 0.9949874686716792, 0.8773087071240105, 0.9761606022584692, 0.9542645241038319, 0.9852034525277436, 0.9117647058823529, 0.9854545454545455, 0.9961928934010152, 0.8829389788293898, 0.9950310559006211]}