{"num_samples": [16, 32, 48, 64, 80, 96, 112, 128, 144, 160, 176, 192, 208, 224, 240, 256, 272, 288, 304, 320, 336, 352, 368, 384, 400, 416, 432, 448, 464, 480, 496, 512, 528, 544, 560, 576, 592, 608, 624, 640, 656, 672, 688, 704, 720, 736, 752, 768, 784, 800, 816, 832, 848, 864, 880, 896, 912, 928, 944, 960, 976, 992, 1008, 1024, 1040, 1056, 1072, 1088, 1104, 1120, 1136, 1152, 1168, 1184, 1200, 1216, 1232, 1248, 1264, 1280, 1296, 1312, 1328, 1344, 1360, 1376, 1392, 1408, 1424, 1440, 1456, 1472, 1488, 1504, 1520, 1536, 1552, 1568, 1584, 1600, 1616, 1632, 1648, 1664, 1680, 1696, 1712, 1728, 1744, 1760, 1776, 1792, 1808, 1824, 1840, 1856, 1872, 1888, 1904, 1920, 1936, 1952, 1968, 1984, 2000, 2016, 2032, 2048, 2064, 2080, 2096, 2112, 2128, 2144, 2160, 2176, 2192, 2208, 2224, 2240, 2256, 2272, 2288, 2304, 2320, 2336, 2352, 2368, 2384, 2400, 2416, 2432, 2448, 2464, 2480, 2496, 2512, 2528, 2544, 2560, 2576, 2592, 2608, 2624, 2640, 2656, 2672, 2688, 2704, 2720, 2736, 2752, 2768, 2784, 2800, 2816, 2832, 2848, 2864, 2880, 2896, 2912, 2928, 2944, 2960, 2976, 2992, 3008, 3024, 3040, 3056, 3072, 3088, 3104, 3120, 3136, 3152, 3168, 3184, 3200, 3216, 3232, 3248, 3264, 3280, 3296, 3312, 3328, 3344, 3360, 3376, 3392, 3408, 3424, 3440, 3456, 3472, 3488, 3504, 3520, 3536, 3552, 3568, 3584, 3600, 3616, 3632, 3648, 3664, 3680, 3696, 3712, 3728, 3744, 3760, 3776, 3792, 3808, 3824, 3840, 3856, 3872, 3888, 3904, 3920, 3936, 3952, 3968, 3984, 4000, 4016, 4032, 4048, 4064, 4080, 4096, 4112, 4128, 4144, 4160, 4176, 4192, 4208, 4224, 4240, 4256, 4272, 4288, 4304, 4320, 4336, 4352, 4368, 4384, 4400, 4416, 4432, 4448, 4464, 4480, 4496, 4512, 4528, 4544, 4560, 4576, 4592, 4608, 4624, 4640, 4656, 4672, 4688, 4704, 4720, 4736, 4752, 4768, 4784, 4800], "accs": [0.669921875, 0.66015625, 0.625, 0.6953125, 0.7109375, 0.693359375, 0.5, 0.681640625, 0.51953125, 0.6484375, 0.62890625, 0.67578125, 0.71484375, 0.681640625, 0.76171875, 0.75390625, 0.767578125, 0.79296875, 0.79296875, 0.78515625, 0.771484375, 0.82421875, 0.748046875, 0.7421875, 0.697265625, 0.83984375, 0.568359375, 0.78125, 0.818359375, 0.734375, 0.8125, 0.724609375, 0.802734375, 0.8125, 0.83984375, 0.81640625, 0.763671875, 0.837890625, 0.787109375, 0.79296875, 0.814453125, 0.818359375, 0.787109375, 0.783203125, 0.8203125, 0.755859375, 0.798828125, 0.837890625, 0.6875, 0.83203125, 0.841796875, 0.654296875, 0.814453125, 0.830078125, 0.8359375, 0.6640625, 0.8359375, 0.732421875, 0.83203125, 0.74609375, 0.748046875, 0.83984375, 0.802734375, 0.8359375, 0.8125, 0.818359375, 0.861328125, 0.734375, 0.826171875, 0.84765625, 0.7734375, 0.8359375, 0.884765625, 0.76171875, 0.849609375, 0.810546875, 0.76953125, 0.830078125, 0.86328125, 0.869140625, 0.8046875, 0.6875, 0.837890625, 0.857421875, 0.69140625, 0.77734375, 0.84765625, 0.853515625, 0.673828125, 0.884765625, 0.818359375, 0.87890625, 0.87109375, 0.8671875, 0.853515625, 0.880859375, 0.82421875, 0.822265625, 0.85546875, 0.75390625, 0.81640625, 0.884765625, 0.775390625, 0.7578125, 0.5, 0.787109375, 0.8046875, 0.857421875, 0.76171875, 0.802734375, 0.53515625, 0.84375, 0.734375, 0.85546875, 0.849609375, 0.8203125, 0.875, 0.845703125, 0.712890625, 0.87109375, 0.85546875, 0.849609375, 0.765625, 0.775390625, 0.828125, 0.83203125, 0.673828125, 0.904296875, 0.67578125, 0.828125, 0.779296875, 0.865234375, 0.818359375, 0.87109375, 0.90625, 0.787109375, 0.861328125, 0.857421875, 0.8359375, 0.810546875, 0.849609375, 0.87109375, 0.859375, 0.82421875, 0.89453125, 0.91015625, 0.912109375, 0.810546875, 0.86328125, 0.736328125, 0.908203125, 0.76953125, 0.888671875, 0.8828125, 0.90234375, 0.87109375, 0.833984375, 0.86328125, 0.796875, 0.72265625, 0.830078125, 0.888671875, 0.73828125, 0.880859375, 0.830078125, 0.91015625, 0.81640625, 0.9140625, 0.744140625, 0.802734375, 0.87890625, 0.85546875, 0.888671875, 0.90234375, 0.892578125, 0.888671875, 0.87890625, 0.876953125, 0.734375, 0.87890625, 0.7109375, 0.912109375, 0.90625, 0.802734375, 0.904296875, 0.83984375, 0.91015625, 0.900390625, 0.798828125, 0.8515625, 0.857421875, 0.91015625, 0.85546875, 0.75, 0.90234375, 0.869140625, 0.59375, 0.904296875, 0.84375, 0.88671875, 0.87890625, 0.896484375, 0.876953125, 0.875, 0.8203125, 0.892578125, 0.861328125, 0.814453125, 0.888671875, 0.876953125, 0.900390625, 0.8984375, 0.923828125, 0.857421875, 0.810546875, 0.876953125, 0.8359375, 0.84375, 0.8515625, 0.791015625, 0.8515625, 0.837890625, 0.8984375, 0.86328125, 0.896484375, 0.8515625, 0.57421875, 0.751953125, 0.9140625, 0.8984375, 0.916015625, 0.796875, 0.927734375, 0.767578125, 0.642578125, 0.90234375, 0.9140625, 0.849609375, 0.822265625, 0.865234375, 0.884765625, 0.908203125, 0.884765625, 0.76171875, 0.880859375, 0.888671875, 0.822265625, 0.705078125, 0.916015625, 0.748046875, 0.568359375, 0.8671875, 0.89453125, 0.890625, 0.90234375, 0.9140625, 0.9140625, 0.89453125, 0.8828125, 0.88671875, 0.91015625, 0.765625, 0.9296875, 0.892578125, 0.884765625, 0.90625, 0.9296875, 0.90625, 0.931640625, 0.884765625, 0.931640625, 0.91796875, 0.92578125, 0.7890625, 0.9140625, 0.6953125, 0.869140625, 0.783203125, 0.78125, 0.845703125, 0.85546875, 0.88671875, 0.771484375, 0.83984375, 0.90625, 0.91796875, 0.85546875, 0.90625, 0.900390625, 0.7890625, 0.89453125, 0.7890625, 0.900390625, 0.8828125, 0.896484375, 0.87890625, 0.8984375, 0.876953125, 0.908203125, 0.904296875]}