{"num_samples": [0, 1, 2, 3, 4, 5, 6, 7, 8, 9, 10, 11, 12, 13, 14, 15, 16, 17, 18, 19, 20, 21, 22, 23, 24, 25, 26, 27, 28, 29, 30, 31, 32, 33, 34, 35, 36, 37, 38, 39, 40, 41, 42, 43, 44, 45, 46, 47, 48, 49, 50, 51, 52, 53, 54, 55, 56, 57, 58, 59, 60, 61, 62, 63, 64, 65, 66, 67, 68, 69, 70, 71, 72, 73, 74, 75, 76], "accs": [0.6533665835411472, 0.906832298136646, 0.6581632653061225, 0.8172715894868585, 0.3843329253365973, 0.9057788944723618, 0.6654456654456654, 0.9554455445544554, 0.6360201511335013, 0.8539877300613496, 0.3684210526315789, 0.905852417302799, 0.6347607052896725, 0.9533169533169533, 0.630407911001236, 0.8439450686641697, 0.6549560853199499, 0.8739076154806492, 0.6636942675159235, 0.9328263624841572, 0.6345431789737171, 0.9026217228464419, 0.612531969309463, 0.8975, 0.6357615894039735, 0.8248447204968944, 0.9184713375796179, 0.8805590851334181, 0.8967661691542289, 0.6292270531400966, 0.8856799037304453, 0.6451204055766794, 0.9530456852791879, 0.646477132262052, 0.9330855018587361, 0.6548672566371682, 0.80625, 0.6413708690330477, 0.9088639200998752, 0.6325524044389642, 0.9232704402515723, 0.6456009913258984, 0.9355638166047088, 0.7037037037037037, 0.9129901960784313, 0.7077326343381389, 0.8778625954198473, 0.8134517766497462, 0.8639798488664987, 0.8373879641485276, 0.8276729559748428, 0.8982630272952854, 0.835, 0.9119897959183674, 0.7681528662420383, 0.949874686716792, 0.6800501882057717, 0.94625, 0.6576227390180879, 0.98531211750306, 0.793233082706767, 0.7176913425345044, 0.9299754299754299, 0.8182941903584673, 0.9205548549810845, 0.8044280442804428, 0.9555555555555556, 0.7948084054388134, 0.8909774436090225, 0.7749391727493917, 0.8705128205128205, 0.8150943396226416, 0.8838383838383839, 0.6798029556650246, 0.8523573200992556, 0.8795031055900621, 0.9120198265179678]}