{"num_samples": [0, 1, 2, 3, 4, 5, 6, 7, 8, 9, 10, 11, 12, 13, 14, 15, 16, 17, 18, 19, 20, 21, 22, 23, 24, 25, 26, 27, 28, 29, 30, 31, 32, 33, 34, 35, 36, 37, 38, 39, 40, 41, 42, 43, 44, 45, 46, 47, 48, 49, 50, 51, 52, 53, 54, 55, 56, 57, 58, 59, 60, 61, 62, 63, 64, 65, 66, 67, 68, 69, 70, 71, 72, 73, 74, 75, 76, 77, 78, 79, 80, 81, 82, 83, 84, 85, 86, 87, 88, 89, 90, 91, 92, 93, 94, 95, 96, 97, 98, 99, 100, 101, 102, 103, 104, 105, 106, 107, 108, 109, 110, 111, 112, 113, 114, 115, 116, 117, 118, 119, 120, 121, 122, 123, 124, 125, 126, 127, 128, 129, 130, 131, 132, 133, 134, 135, 136, 137, 138, 139, 140, 141, 142, 143, 144, 145, 146, 147, 148, 149, 150, 151, 152, 153, 154, 155, 156, 157, 158, 159, 160, 161, 162, 163, 164, 165, 166, 167, 168, 169, 170, 171, 172, 173], "accs": [0.6243455497382199, 0.6466916354556804, 0.6532663316582915, 0.7928843710292249, 0.6920199501246883, 0.6214833759590793, 0.7581047381546134, 0.7490589711417817, 0.7412060301507538, 0.7699757869249395, 0.7992376111817027, 0.7665816326530612, 0.8834586466165414, 0.7515375153751538, 0.7997512437810945, 0.8594730238393977, 0.7447335811648079, 0.7615384615384615, 0.91875, 0.7218045112781954, 0.8756281407035176, 0.7098765432098766, 0.9411764705882353, 0.7135678391959799, 0.8864468864468864, 0.7113665389527458, 0.8955414012738854, 0.7560050568900126, 0.6521181001283697, 0.7546933667083855, 0.8978562421185372, 0.7092731829573935, 0.8532338308457711, 0.6203821656050955, 0.9102091020910209, 0.6253101736972705, 0.7442143727161997, 0.9093198992443325, 0.6691176470588235, 0.7371069182389937, 0.90125, 0.7944162436548223, 0.6599749058971142, 0.8475836431226765, 0.8963795255930087, 0.8066502463054187, 0.8991172761664565, 0.8316582914572864, 0.9092055485498108, 0.7155067155067155, 0.9195979899497487, 0.7776381909547738, 0.8610763454317898, 0.9305555555555556, 0.7559748427672957, 0.905, 0.848180677540778, 0.8764186633039092, 0.7867001254705144, 0.903822441430333, 0.9166666666666666, 0.9022277227722773, 0.7995049504950495, 0.8548387096774194, 0.8285356695869838, 0.86625, 0.6243781094527363, 0.9334170854271356, 0.7335858585858586, 0.9213483146067416, 0.73053152039555, 0.8963795255930087, 0.9212198221092758, 0.85995085995086, 0.6364749082007344, 0.9448621553884712, 0.7127003699136868, 0.8860103626943006, 0.7422552664188352, 0.8917525773195877, 0.9214723926380368, 0.935687263556116, 0.7795566502463054, 0.9180327868852459, 0.8037735849056604, 0.9258793969849246, 0.8811630847029077, 0.6349809885931559, 0.9306930693069307, 0.7747858017135862, 0.9169811320754717, 0.8725, 0.7718204488778054, 0.8718274111675127, 0.6733668341708543, 0.9211822660098522, 0.7935723114956736, 0.9022277227722773, 0.804755944931164, 0.9381188118811881, 0.7048780487804878, 0.9381443298969072, 0.8220551378446115, 0.9197994987468672, 0.8461538461538461, 0.8670886075949367, 0.9235668789808917, 0.7905236907730673, 0.9400749063670412, 0.9422835633626098, 0.78125, 0.9081632653061225, 0.8521739130434782, 0.9165613147914032, 0.86875, 0.6123737373737373, 0.9001218026796589, 0.9055415617128464, 0.6645807259073843, 0.915129151291513, 0.9057788944723618, 0.8265822784810126, 0.9439601494396015, 0.8373879641485276, 0.9399509803921569, 0.8634686346863468, 0.9474969474969475, 0.9304677623261695, 0.9250317662007624, 0.8278061224489796, 0.968019680196802, 0.7061790668348046, 0.9558282208588957, 0.9522012578616352, 0.7439180537772087, 0.9314214463840399, 0.826362484157161, 0.9407407407407408, 0.8375757575757575, 0.94125, 0.7742749054224464, 0.9479034307496823, 0.9147286821705426, 0.9078455790784558, 0.9302615193026152, 0.6670967741935484, 0.9399744572158365, 0.8612862547288777, 0.9567979669631512, 0.8225806451612904, 0.9485294117647058, 0.8422391857506362, 0.959409594095941, 0.914572864321608, 0.9368811881188119, 0.9094292803970223, 0.97375, 0.9780487804878049, 0.674074074074074, 0.982256020278834, 0.8088607594936709, 0.9500640204865557, 0.7191011235955056, 0.9263024142312579, 0.918444165621079, 0.9663760896637609, 0.7669172932330827, 0.9624060150375939, 0.8033419023136247, 0.9578005115089514, 0.7397435897435898, 0.9434673366834171, 0.8094027954256671, 0.9635678391959799]}