{"num_samples": [0, 1, 2, 3, 4, 5, 6, 7, 8, 9, 10, 11, 12, 13, 14, 15, 16, 17, 18, 19, 20, 21, 22, 23, 24, 25, 26, 27, 28, 29, 30, 31, 32, 33, 34, 35, 36, 37, 38, 39, 40, 41, 42, 43, 44, 45, 46, 47, 48, 49, 50, 51, 52, 53, 54, 55, 56, 57, 58, 59, 60, 61, 62, 63, 64, 65, 66, 67, 68, 69, 70, 71, 72, 73, 74, 75, 76, 77, 78, 79, 80, 81, 82, 83, 84, 85, 86, 87, 88, 89, 90, 91, 92, 93, 94, 95, 96, 97, 98, 99, 100, 101, 102, 103, 104, 105, 106, 107, 108, 109, 110, 111, 112, 113, 114, 115, 116, 117, 118, 119, 120, 121, 122, 123, 124, 125, 126, 127, 128, 129, 130, 131, 132, 133, 134, 135, 136, 137, 138, 139, 140, 141, 142, 143, 144, 145, 146, 147, 148, 149, 150, 151, 152, 153, 154, 155, 156, 157, 158, 159, 160, 161, 162, 163, 164, 165, 166, 167, 168, 169, 170, 171, 172, 173, 174, 175, 176, 177, 178, 179, 180, 181, 182, 183, 184, 185, 186, 187, 188, 189, 190, 191, 192, 193, 194, 195, 196, 197, 198, 199, 200], "accs": [0.8648648648648649, 0.4146341463414634, 0.8536977491961415, 0.627287853577371, 0.8566978193146417, 0.7455429497568882, 0.8268608414239482, 0.805993690851735, 0.8288854003139717, 0.807131280388979, 0.845514950166113, 0.8041237113402062, 0.8470588235294118, 0.620414673046252, 0.8157051282051282, 0.6326860841423948, 0.8747967479674796, 0.7303370786516854, 0.8403100775193798, 0.7301324503311258, 0.9084967320261438, 0.6212914485165794, 0.8805732484076433, 0.8276972624798712, 0.8941176470588236, 0.6518282988871225, 0.834920634920635, 0.7403685092127303, 0.902555910543131, 0.8634146341463415, 0.7394957983193278, 0.9066022544283414, 0.6836734693877551, 0.8863636363636364, 0.8361204013377926, 0.9398373983739837, 0.8465116279069768, 0.9308681672025724, 0.8910256410256411, 0.851602023608769, 0.8076285240464345, 0.8727569331158238, 0.7896494156928213, 0.9114331723027376, 0.8366013071895425, 0.9441786283891547, 0.8217054263565892, 0.9237147595356551, 0.8576051779935275, 0.7047781569965871, 0.9238410596026491, 0.8461538461538461, 0.9332273449920508, 0.7894736842105263, 0.9561815336463224, 0.7337770382695508, 0.8538461538461538, 0.8092783505154639, 0.9536423841059603, 0.805111821086262, 0.9421487603305785, 0.8012618296529969, 0.9412698412698413, 0.8506998444790047, 0.9405144694533762, 0.835236541598695, 0.946843853820598, 0.8039538714991763, 0.9488, 0.8161290322580645, 0.8099173553719008, 0.8578595317725752, 0.8834645669291339, 0.6982055464926591, 0.9314845024469821, 0.7886855241264559, 0.8821656050955414, 0.7868098159509203, 0.9190556492411467, 0.8666666666666667, 0.9671592775041051, 0.8623548922056384, 0.949748743718593, 0.7742448330683624, 0.8252427184466019, 0.9270998415213946, 0.9111470113085622, 0.9104477611940298, 0.8657718120805369, 0.902027027027027, 0.7371048252911814, 0.9063004846526656, 0.7487844408427877, 0.9489291598023064, 0.8177496038034865, 0.9278996865203761, 0.9265905383360522, 0.9144295302013423, 0.26776859504132233, 0.9632721202003339, 0.8617886178861789, 0.9511811023622048, 0.8704318936877077, 0.9563106796116505, 0.8899835796387521, 0.9699367088607594, 0.8910256410256411, 0.9488448844884488, 0.8752, 0.8709677419354839, 0.9023569023569024, 0.933649289099526, 0.8941368078175895, 0.8548123980424144, 0.9027552674230146, 0.8526645768025078, 0.8877721943048577, 0.8199052132701422, 0.8039867109634552, 0.9345047923322684, 0.9063545150501672, 0.9023622047244094, 0.9339622641509434, 0.9046849757673667, 0.9194078947368421, 0.8192182410423453, 0.6967741935483871, 0.9136, 0.9278688524590164, 0.9159663865546218, 0.9528455284552846, 0.9178082191780822, 0.9083601286173634, 0.9294871794871795, 0.7709677419354839, 0.9407176287051482, 0.889967637540453, 0.231496062992126, 0.8423566878980892, 0.943089430894309, 0.9194078947368421, 0.8770491803278688, 0.9074675324675324, 0.8813008130081301, 0.9230769230769231, 0.8976, 0.9376, 0.8628099173553719, 0.7861635220125787, 0.9295081967213115, 0.9577235772357724, 0.8363047001620746, 0.9060092449922958, 0.8529411764705882, 0.8862179487179487, 0.9037520391517129, 0.7824675324675324, 0.9428104575163399, 0.7775891341256367, 0.9393442622950819, 0.8625204582651391, 0.9558359621451105, 0.8711256117455138, 0.9347471451876019, 0.9555189456342669, 0.24917491749174916, 0.9534109816971714, 0.9204545454545454, 0.9085072231139647, 0.9686985172981878, 0.8511326860841424, 0.9330143540669856, 0.8811074918566775, 0.9494470774091627, 0.9153354632587859, 0.9072, 0.8729372937293729, 0.8069620253164557, 0.9113300492610837, 0.9397217928902627, 0.9090909090909091, 0.9655172413793104, 0.8790849673202614, 0.9381107491856677, 0.9036334913112164, 0.9580645161290322, 0.893581081081081, 0.9781879194630873, 0.8662092624356775, 0.841692789968652, 0.8684654300168634, 0.9554140127388535, 0.8628389154704944, 0.9233226837060703, 0.9083191850594228, 0.9770491803278688, 0.900497512437811, 0.9182389937106918, 0.8956661316211878, 0.8358714043993232, 0.839527027027027]}