{"num_samples": [0, 1, 2, 3, 4, 5, 6, 7, 8, 9, 10, 11, 12, 13, 14, 15, 16, 17, 18, 19, 20, 21, 22, 23, 24, 25, 26, 27, 28, 29, 30, 31, 32, 33, 34, 35, 36, 37, 38, 39, 40, 41, 42, 43, 44, 45, 46, 47, 48, 49, 50, 51, 52, 53, 54, 55, 56, 57, 58, 59, 60, 61, 62, 63, 64, 65, 66, 67, 68, 69, 70, 71, 72, 73, 74, 75, 76, 77, 78, 79, 80, 81, 82, 83, 84, 85, 86, 87, 88, 89, 90, 91, 92, 93, 94, 95, 96, 97, 98, 99, 100, 101, 102, 103, 104, 105, 106, 107, 108, 109, 110, 111, 112, 113, 114, 115, 116, 117, 118, 119, 120, 121, 122, 123, 124, 125, 126, 127, 128, 129, 130, 131, 132, 133, 134, 135, 136, 137, 138, 139, 140, 141, 142, 143, 144, 145, 146, 147, 148, 149, 150, 151, 152, 153, 154, 155, 156, 157, 158, 159, 160, 161, 162, 163, 164, 165, 166, 167, 168, 169, 170, 171, 172, 173, 174, 175, 176, 177, 178, 179, 180, 181, 182, 183, 184, 185, 186, 187, 188, 189, 190, 191, 192, 193, 194, 195, 196, 197, 198, 199, 200, 201, 202, 203, 204, 205, 206, 207, 208, 209, 210, 211, 212, 213, 214, 215, 216, 217, 218, 219, 220, 221, 222], "accs": [0.681087762669963, 0.7335907335907336, 0.639030612244898, 0.672979797979798, 0.845, 0.6883780332056194, 0.7870257037943696, 0.8230088495575221, 0.7589616810877626, 0.81125, 0.7878017789072427, 0.8194444444444444, 0.8825710754017305, 0.6506935687263556, 0.8785276073619632, 0.8452088452088452, 0.8811274509803921, 0.8514007308160779, 0.875784190715182, 0.8285356695869838, 0.8877805486284289, 0.8339575530586767, 0.9060568603213844, 0.8548387096774194, 0.9205955334987593, 0.8573232323232324, 0.9080604534005038, 0.7515605493133583, 0.9152119700748129, 0.7800982800982801, 0.9026548672566371, 0.7760097919216646, 0.9400510204081632, 0.8840764331210191, 0.9173228346456693, 0.8357235984354628, 0.9140328697850821, 0.7779187817258884, 0.9213483146067416, 0.9398976982097187, 0.9076354679802956, 0.8296019900497512, 0.8808618504435995, 0.9190535491905355, 0.9251269035532995, 0.8566084788029925, 0.8974683544303798, 0.891358024691358, 0.8904458598726115, 0.928030303030303, 0.9055690072639225, 0.9112426035502958, 0.9200492004920049, 0.712468193384224, 0.968944099378882, 0.74125, 0.9581749049429658, 0.739454094292804, 0.8619402985074627, 0.8849104859335039, 0.9046454767726161, 0.9214195183776933, 0.8967661691542289, 0.9028290282902829, 0.93125, 0.9213197969543148, 0.8725247524752475, 0.9552429667519181, 0.7731829573934837, 0.9295426452410384, 0.7229813664596273, 0.9053030303030303, 0.903387703889586, 0.9371859296482412, 0.943069306930693, 0.9088669950738916, 0.9457755359394704, 0.8462484624846248, 0.8689740420271941, 0.9306071871127634, 0.8814627994955864, 0.8970223325062034, 0.8822055137844611, 0.9083023543990086, 0.94125, 0.9541511771995044, 0.8504435994930292, 0.9246231155778895, 0.8857493857493858, 0.9221260815822002, 0.9202898550724637, 0.9208173690932312, 0.8795944233206591, 0.9468479604449939, 0.8954659949622166, 0.962772785622593, 0.8894536213468869, 0.957124842370744, 0.8793969849246231, 0.924223602484472, 0.931930693069307, 0.934010152284264, 0.9249061326658323, 0.8975308641975308, 0.9417721518987342, 0.9526248399487837, 0.9147582697201018, 0.9571788413098237, 0.9660804020100503, 0.8846153846153846, 0.6716604244694132, 0.9789864029666254, 0.952912019826518, 0.8745294855708908, 0.9037037037037037, 0.8692493946731235, 0.624384236453202, 0.939622641509434, 0.9197530864197531, 0.9253164556962026, 0.9529860228716646, 0.6765432098765433, 0.9733163913595934, 0.9440389294403893, 0.8511166253101737, 0.9494451294697904, 0.8670012547051443, 0.9518518518518518, 0.9325153374233128, 0.922979797979798, 0.9435382685069009, 0.9759188846641318, 0.957286432160804, 0.9106918238993711, 0.7213114754098361, 0.9860228716645489, 0.7418136020151134, 0.9540229885057471, 0.769712140175219, 0.9651307596513076, 0.8544776119402985, 0.9447852760736196, 0.9738154613466334, 0.938347718865598, 0.967741935483871, 0.956949569495695, 0.9421383647798742, 0.9456384323640961, 0.8578431372549019, 0.9728395061728395, 0.8946700507614214, 0.9525593008739076, 0.9220945083014048, 0.9823455233291298, 0.7285353535353535, 0.970074812967581, 0.8464467005076142, 0.966542750929368, 0.861850443599493, 0.9536019536019537, 0.8821243523316062, 0.9604449938195303, 0.8945409429280397, 0.9642416769420469, 0.8986232790988736, 0.9684741488020177, 0.970550576184379, 0.9672544080604534, 0.9514321295143213, 0.9413265306122449, 0.9413965087281796, 0.9575242718446602, 0.934260429835651, 0.9543773119605425, 0.979539641943734, 0.9100985221674877, 0.9714285714285714, 0.7025, 0.9759797724399494, 0.85297845373891, 0.9621689785624212, 0.9002493765586035, 0.9630102040816326, 0.9851301115241635, 0.9471698113207547, 0.8762376237623762, 0.9829683698296837, 0.8969325153374234, 0.9523809523809523, 0.9183417085427136, 0.9608091024020228, 0.958904109589041, 0.9592088998763906, 0.9650436953807741, 0.9573934837092731, 0.9621212121212122, 0.9531442663378545, 0.9825653798256538, 0.9913366336633663, 0.8106734434561627, 0.9837092731829574, 0.8804483188044832, 0.9683944374209861, 0.9165628891656289, 0.966707768187423, 0.9214195183776933, 0.9632911392405064, 0.9372599231754162, 0.9685929648241206, 0.9676616915422885, 0.9914634146341463, 0.907035175879397, 0.943069306930693, 0.9750623441396509, 0.9673776662484316, 0.9839307787391842, 0.9621489621489622, 0.8776266996291718, 0.9817739975698664, 0.9519595448798989, 0.9826302729528535, 0.9538077403245943, 0.9654747225647349]}