{"num_samples": [12, 33, 33, 36, 39, 54, 54, 54, 54, 54, 57, 63, 66, 66, 69, 93, 93, 93, 96, 99, 108, 108, 108, 111, 111, 114, 135, 156, 159, 162, 165, 186, 198, 201, 210, 216, 234, 237, 255, 258, 261, 261, 261, 267, 288, 303, 309, 321, 321, 321, 333, 363, 366, 384, 408, 411, 435, 453, 453, 456, 462, 486, 492, 492, 495, 510, 525, 531, 537, 564, 567, 570, 573, 579, 606, 609, 630, 636, 639, 651, 654, 669, 669, 672, 690, 690, 693, 699, 732, 735, 741, 759, 762, 768, 774, 792, 795, 807, 810, 813, 816, 831, 849, 870, 876, 876, 879, 882, 906, 909, 930, 930, 933, 942, 960, 960, 963, 987, 993, 1017, 1041, 1044, 1059, 1080, 1086, 1101, 1119, 1128, 1149, 1149, 1149, 1155, 1161, 1191, 1209, 1230, 1254, 1281, 1284, 1296, 1302, 1317, 1347, 1347, 1347, 1347, 1347, 1347, 1347, 1347, 1347, 1347, 1347, 1347, 1347, 1347, 1347, 1347, 1347, 1347, 1347, 1347, 1347, 1347, 1347, 1347, 1347, 1347, 1347, 1347, 1347, 1347, 1347, 1347, 1347, 1347, 1347, 1347, 1347, 1347, 1347, 1347, 1347, 1347, 1347, 1347, 1347, 1347, 1347, 1347, 1347, 1347, 1347, 1347, 1347, 1347, 1347, 1347, 1347, 1347, 1347, 1347, 1347, 1347, 1347, 1347, 1347, 1347, 1347, 1347, 1347, 1347, 1347, 1347, 1347, 1347, 1347, 1347, 1347, 1347, 1347, 1347, 1347, 1347, 1347, 1347, 1347, 1347, 1347, 1347, 1347, 1347, 1347, 1347, 1347, 1347, 1347, 1347, 1347, 1347, 1347, 1347, 1347, 1347, 1347, 1347, 1347, 1347, 1347, 1347, 1347, 1347, 1347, 1347, 1347, 1347, 1347, 1347, 1347, 1347, 1347, 1347, 1347, 1347, 1347, 1347, 1347, 1347, 1347, 1347, 1347, 1347, 1347, 1347, 1347, 1347, 1347, 1347, 1347, 1347, 1347, 1347, 1347, 1347, 1347, 1347, 1347, 1347, 1347, 1347, 1347, 1347, 1347, 1347, 1347, 1347, 1347, 1347, 1347, 1347], "accs": [0.6015625, 0.51953125, 0.515625, 0.51953125, 0.576171875, 0.505859375, 0.50390625, 0.51953125, 0.50390625, 0.478515625, 0.587890625, 0.439453125, 0.6015625, 0.5625, 0.6484375, 0.490234375, 0.4765625, 0.501953125, 0.53125, 0.48828125, 0.517578125, 0.5390625, 0.5546875, 0.509765625, 0.5078125, 0.6171875, 0.650390625, 0.564453125, 0.55859375, 0.48828125, 0.552734375, 0.56640625, 0.48046875, 0.53515625, 0.64453125, 0.53515625, 0.466796875, 0.48828125, 0.4921875, 0.529296875, 0.51171875, 0.546875, 0.490234375, 0.625, 0.46484375, 0.509765625, 0.654296875, 0.466796875, 0.50390625, 0.455078125, 0.69921875, 0.525390625, 0.525390625, 0.658203125, 0.51171875, 0.560546875, 0.662109375, 0.50390625, 0.544921875, 0.52734375, 0.603515625, 0.482421875, 0.4765625, 0.4921875, 0.6171875, 0.513671875, 0.50390625, 0.50390625, 0.59765625, 0.501953125, 0.498046875, 0.478515625, 0.5, 0.716796875, 0.490234375, 0.5703125, 0.494140625, 0.5234375, 0.642578125, 0.533203125, 0.62890625, 0.47265625, 0.501953125, 0.595703125, 0.50390625, 0.505859375, 0.513671875, 0.640625, 0.49609375, 0.521484375, 0.62890625, 0.5234375, 0.509765625, 0.515625, 0.560546875, 0.498046875, 0.486328125, 0.5, 0.494140625, 0.5390625, 0.521484375, 0.634765625, 0.59765625, 0.484375, 0.48046875, 0.4921875, 0.47265625, 0.6015625, 0.462890625, 0.48046875, 0.48046875, 0.470703125, 0.498046875, 0.5625, 0.501953125, 0.533203125, 0.625, 0.484375, 0.578125, 0.591796875, 0.5234375, 0.513671875, 0.650390625, 0.46875, 0.587890625, 0.6171875, 0.5078125, 0.546875, 0.494140625, 0.50390625, 0.509765625, 0.46484375, 0.5703125, 0.578125, 0.701171875, 0.56640625, 0.65625, 0.501953125, 0.5625, 0.490234375, 0.541015625, 0.6484375, 0.50390625, 0.509765625, 0.4921875, 0.490234375, 0.470703125, 0.501953125, 0.501953125, 0.49609375, 0.462890625, 0.5, 0.513671875, 0.4921875, 0.484375, 0.533203125, 0.46875, 0.501953125, 0.4921875, 0.5, 0.46875, 0.474609375, 0.45703125, 0.48828125, 0.501953125, 0.533203125, 0.49609375, 0.494140625, 0.484375, 0.484375, 0.498046875, 0.5, 0.525390625, 0.50390625, 0.52734375, 0.484375, 0.53125, 0.505859375, 0.451171875, 0.494140625, 0.47265625, 0.509765625, 0.494140625, 0.521484375, 0.474609375, 0.509765625, 0.4921875, 0.498046875, 0.48046875, 0.498046875, 0.458984375, 0.51171875, 0.458984375, 0.5078125, 0.509765625, 0.53515625, 0.517578125, 0.509765625, 0.48828125, 0.45703125, 0.494140625, 0.51953125, 0.474609375, 0.51953125, 0.490234375, 0.51953125, 0.490234375, 0.505859375, 0.54296875, 0.478515625, 0.484375, 0.509765625, 0.509765625, 0.47265625, 0.49609375, 0.517578125, 0.517578125, 0.4921875, 0.490234375, 0.490234375, 0.509765625, 0.498046875, 0.529296875, 0.515625, 0.46875, 0.4765625, 0.494140625, 0.51171875, 0.517578125, 0.451171875, 0.48828125, 0.5, 0.53515625, 0.4765625, 0.533203125, 0.49609375, 0.533203125, 0.517578125, 0.474609375, 0.505859375, 0.466796875, 0.494140625, 0.48828125, 0.474609375, 0.486328125, 0.505859375, 0.49609375, 0.5, 0.494140625, 0.458984375, 0.494140625, 0.515625, 0.537109375, 0.521484375, 0.5234375, 0.525390625, 0.50390625, 0.490234375, 0.47265625, 0.494140625, 0.521484375, 0.517578125, 0.478515625, 0.51171875, 0.529296875, 0.482421875, 0.505859375, 0.529296875, 0.458984375, 0.521484375, 0.48828125, 0.5078125, 0.494140625, 0.5, 0.484375, 0.498046875, 0.484375, 0.482421875, 0.513671875, 0.490234375, 0.4921875, 0.458984375, 0.544921875, 0.49609375, 0.517578125, 0.501953125, 0.517578125, 0.45703125, 0.478515625, 0.517578125, 0.521484375, 0.458984375, 0.478515625, 0.474609375, 0.474609375, 0.51171875, 0.494140625, 0.515625, 0.49609375, 0.498046875]}