{"num_samples": [0, 1, 2, 3, 4, 5, 6, 7, 8, 9], "accs": [0.7246913580246913, 0.837037037037037, 0.6675126903553299, 0.7663316582914573, 0.8480519480519481, 0.8377358490566038, 0.8638132295719845, 0.8142493638676844, 0.9298245614035088, 0.8746928746928747]}