{"num_samples": [0, 1, 2, 3, 4, 5, 6, 7, 8, 9, 10, 11, 12, 13, 14, 15, 16, 17, 18, 19, 20, 21, 22, 23, 24, 25, 26, 27, 28, 29, 30, 31, 32, 33, 34, 35, 36, 37, 38, 39, 40, 41, 42, 43, 44, 45, 46, 47, 48, 49, 50, 51, 52, 53, 54, 55, 56, 57, 58, 59, 60, 61, 62, 63, 64, 65, 66, 67, 68, 69, 70, 71, 72, 73, 74, 75, 76, 77, 78, 79, 80, 81, 82, 83, 84, 85, 86, 87, 88, 89, 90, 91, 92, 93, 94, 95, 96, 97, 98, 99, 100, 101, 102, 103, 104, 105, 106, 107, 108, 109, 110, 111, 112, 113, 114, 115, 116, 117, 118, 119, 120, 121, 122, 123, 124, 125, 126, 127, 128, 129, 130, 131, 132, 133, 134, 135, 136, 137, 138, 139, 140, 141, 142, 143, 144, 145, 146, 147, 148, 149, 150, 151, 152, 153, 154, 155, 156, 157, 158, 159, 160, 161, 162, 163, 164, 165, 166, 167, 168, 169, 170, 171, 172, 173, 174, 175, 176, 177, 178, 179, 180, 181, 182, 183, 184, 185, 186, 187, 188, 189, 190, 191, 192, 193, 194, 195, 196, 197, 198, 199, 200, 201, 202, 203], "accs": [0.6363636363636364, 0.6645885286783042, 0.6932515337423313, 0.616751269035533, 0.6495726495726496, 0.6452410383189122, 0.7664596273291926, 0.7311557788944724, 0.625615763546798, 0.7516170763260026, 0.7090464547677262, 0.8401486988847584, 0.6448362720403022, 0.7210718635809987, 0.8037974683544303, 0.8532338308457711, 0.6235595390524968, 0.63, 0.7170971709717097, 0.6362484157160964, 0.7474874371859297, 0.629582806573957, 0.6410891089108911, 0.7747183979974969, 0.8648310387984981, 0.6177944862155389, 0.9108910891089109, 0.63125, 0.7458703939008895, 0.6265664160401002, 0.7008760951188986, 0.8299748110831234, 0.7806691449814126, 0.8090322580645162, 0.7026348808030113, 0.8461538461538461, 0.5971223021582733, 0.7446540880503144, 0.6125461254612546, 0.6316455696202532, 0.7697929354445798, 0.6390685640362225, 0.7221542227662179, 0.7884856070087609, 0.6699751861042184, 0.8318912237330037, 0.6184690157958688, 0.7881040892193308, 0.6186440677966102, 0.8518057285180572, 0.6489226869455006, 0.8235294117647058, 0.6594936708860759, 0.81375, 0.6485819975339088, 0.6977611940298507, 0.9226932668329177, 0.6510480887792849, 0.9301143583227446, 0.6674907292954264, 0.7913580246913581, 0.7806122448979592, 0.655940594059406, 0.7970479704797048, 0.9347258485639687, 0.7537688442211056, 0.935361216730038, 0.6847960444993819, 0.942998760842627, 0.7876543209876543, 0.9219512195121952, 0.8193384223918575, 0.8842874543239951, 0.6137761377613776, 0.8580562659846548, 0.8729559748427673, 0.9005037783375315, 0.6226650062266501, 0.8979848866498741, 0.6307884856070087, 0.8240506329113924, 0.6989795918367347, 0.855146124523507, 0.72544080604534, 0.8915211970074813, 0.6838790931989924, 0.9326556543837357, 0.9504563233376793, 0.6410256410256411, 0.8644918444165621, 0.6525641025641026, 0.9080604534005038, 0.8322903629536921, 0.6531365313653137, 0.8673469387755102, 0.658952496954933, 0.9273182957393483, 0.6297662976629766, 0.8849104859335039, 0.8099489795918368, 0.9136868064118372, 0.8042659974905897, 0.8993865030674847, 0.6347607052896725, 0.8466334164588528, 0.6960408684546615, 0.8740648379052369, 0.7716129032258064, 0.9281210592686002, 0.801007556675063, 0.9161372299872935, 0.9315068493150684, 0.880201765447667, 0.8603491271820449, 0.953714981729598, 0.9064475347661188, 0.88875, 0.8103448275862069, 0.8897243107769424, 0.6259168704156479, 0.9630102040816326, 0.7229381443298969, 0.8837209302325582, 0.687875150060024, 0.9503722084367245, 0.8171779141104294, 0.9133089133089133, 0.838036809815951, 0.9173967459324155, 0.7101449275362319, 0.9322660098522167, 0.8845671267252195, 0.8823529411764706, 0.8387909319899244, 0.8848101265822785, 0.6869455006337135, 0.8995037220843672, 0.6832298136645962, 0.9236363636363636, 0.7399497487437185, 0.9359605911330049, 0.8073047858942065, 0.9126092384519351, 0.8509316770186336, 0.8798988621997471, 0.6636713735558408, 0.9309045226130653, 0.7013463892288861, 0.8499384993849939, 0.9788029925187033, 0.6620428751576293, 0.9791666666666666, 0.9223181257706535, 0.845223700120919, 0.9286624203821656, 0.8514851485148515, 0.9112801013941698, 0.7938931297709924, 0.9448621553884712, 0.8527227722772277, 0.9519112207151664, 0.9459459459459459, 0.9567367119901112, 0.8609355246523388, 0.9582822085889571, 0.8862793572311496, 0.9234629861982434, 0.9123456790123456, 0.8764186633039092, 0.7811704834605598, 0.928030303030303, 0.8891625615763546, 0.9445812807881774, 0.8604091456077015, 0.9392059553349876, 0.919496855345912, 0.9132124352331606, 0.9369592088998764, 0.9048207663782447, 0.8238993710691824, 0.9454770755885997, 0.914004914004914, 0.9077490774907749, 0.9331683168316832, 0.9539227895392279, 0.96375, 0.9557739557739557, 0.9822784810126582, 0.9057071960297767, 0.9423076923076923, 0.9073604060913706, 0.9076154806491885, 0.9603072983354674, 0.9611528822055138, 0.9345088161209067, 0.9729064039408867, 0.9161372299872935, 0.9779411764705882, 0.9666666666666667, 0.986232790988736, 0.8974683544303798, 0.9575530586766542, 0.9288389513108615, 0.9312883435582822]}