{"num_samples": [0, 1, 2, 3, 4, 5, 6, 7, 8, 9, 10, 11, 12, 13, 14, 15, 16, 17, 18, 19, 20, 21, 22, 23, 24, 25, 26, 27, 28, 29, 30, 31, 32, 33, 34, 35, 36, 37, 38, 39, 40, 41, 42, 43, 44, 45, 46, 47, 48, 49, 50, 51, 52, 53, 54, 55, 56, 57, 58, 59, 60, 61, 62, 63, 64, 65, 66, 67, 68, 69, 70, 71, 72, 73, 74, 75, 76, 77, 78, 79, 80, 81, 82, 83, 84, 85, 86, 87, 88, 89, 90, 91, 92, 93, 94, 95, 96, 97, 98, 99, 100, 101, 102, 103, 104, 105, 106, 107, 108, 109, 110, 111, 112, 113, 114, 115, 116, 117, 118, 119, 120, 121, 122, 123, 124, 125, 126, 127, 128, 129, 130, 131, 132, 133, 134, 135, 136, 137, 138, 139, 140, 141, 142, 143, 144, 145, 146, 147, 148, 149, 150, 151, 152, 153, 154, 155, 156, 157, 158, 159, 160, 161, 162, 163, 164, 165, 166, 167, 168, 169, 170, 171, 172, 173, 174, 175, 176, 177, 178, 179, 180, 181, 182, 183, 184, 185, 186, 187, 188, 189, 190, 191, 192, 193, 194, 195, 196, 197, 198, 199], "accs": [0.6275946275946276, 0.8779576587795765, 0.6439024390243903, 0.8215613382899628, 0.8054474708171206, 0.5146496815286624, 0.6080206985769728, 0.6787878787878788, 0.865265760197775, 0.6216897856242118, 0.5787451984635084, 0.6446078431372549, 0.922882427307206, 0.8260869565217391, 0.8576779026217228, 0.7672090112640801, 0.7081761006289308, 0.9021601016518425, 0.7015503875968992, 0.8532338308457711, 0.7219512195121951, 0.9186785260482846, 0.7591424968474149, 0.8911138923654568, 0.8555417185554172, 0.868020304568528, 0.864516129032258, 0.88510101010101, 0.9253164556962026, 0.8991282689912827, 0.885143570536829, 0.9155107187894073, 0.7747524752475248, 0.927070457354759, 0.9151515151515152, 0.9059720457433291, 0.89171974522293, 0.8938826466916354, 0.6544566544566545, 0.9057788944723618, 0.7063882063882064, 0.8912237330037083, 0.9466327827191868, 0.667910447761194, 0.9595448798988622, 0.828996282527881, 0.9228855721393034, 0.7868649318463445, 0.8493150684931506, 0.9137055837563451, 0.9030674846625767, 0.9775840597758406, 0.7857142857142857, 0.8281444582814446, 0.905982905982906, 0.8972431077694235, 0.9122137404580153, 0.7144654088050314, 0.9396984924623115, 0.7810945273631841, 0.9372647427854455, 0.8012345679012346, 0.9282970550576184, 0.9090909090909091, 0.9312039312039312, 0.6475716064757161, 0.6700125470514429, 0.8492647058823529, 0.9637046307884856, 0.9379652605459057, 0.7042606516290727, 0.8545006165228114, 0.8404907975460123, 0.9207920792079208, 0.8884803921568627, 0.8470149253731343, 0.9104477611940298, 0.9082914572864321, 0.6840796019900498, 0.9230769230769231, 0.8341645885286783, 0.9161372299872935, 0.7718204488778054, 0.9207920792079208, 0.871536523929471, 0.8998716302952503, 0.9211514392991239, 0.9203980099502488, 0.924812030075188, 0.8420398009950248, 0.8763769889840881, 0.8900255754475703, 0.8739076154806492, 0.8841309823677582, 0.9610552763819096, 0.7518610421836228, 0.9689826302729528, 0.8800988875154512, 0.9048223350253807, 0.8830049261083743, 0.9370988446726572, 0.9257425742574258, 0.928395061728395, 0.8393524283935243, 0.8864468864468864, 0.9444444444444444, 0.9057788944723618, 0.9136125654450262, 0.9392405063291139, 0.912718204488778, 0.6177558569667078, 0.9488428745432399, 0.8746958637469586, 0.929559748427673, 0.8843283582089553, 0.9461152882205514, 0.9477611940298507, 0.9272271016311167, 0.962640099626401, 0.8025316455696202, 0.9388753056234719, 0.8956521739130435, 0.9444444444444444, 0.8569636135508155, 0.918444165621079, 0.9426751592356688, 0.9238329238329238, 0.9580764488286067, 0.9153374233128835, 0.8788968824940048, 0.9445145018915511, 0.8890290037831021, 0.9575530586766542, 0.9189842805320435, 0.7558859975216853, 0.9554455445544554, 0.8787878787878788, 0.9273182957393483, 0.9670468948035488, 0.7294981640146879, 0.9311688311688312, 0.928395061728395, 0.9411764705882353, 0.9709228824273072, 0.9393173198482933, 0.9298469387755102, 0.8593548387096774, 0.9294403892944039, 0.984029484029484, 0.7269372693726938, 0.9321608040201005, 0.9588014981273408, 0.89875, 0.9669211195928753, 0.9582806573957017, 0.9203431372549019, 0.9811320754716981, 0.9161451814768461, 0.8960709759188846, 0.9865525672371638, 0.6336633663366337, 0.9140722291407223, 0.941101152368758, 0.7746835443037975, 0.9452054794520548, 0.9375, 0.9079118028534371, 0.8992628992628993, 0.9623115577889447, 0.728380024360536, 0.98, 0.9396984924623115, 0.723114956736712, 0.8377693282636248, 0.9081761006289308, 0.970886075949367, 0.8150943396226416, 0.9666666666666667, 0.655, 0.980319803198032, 0.8595848595848596, 0.854614412136536, 0.9609079445145019, 0.8966836734693877, 0.9615861214374225, 0.9123649459783914, 0.9735516372795969, 0.6340852130325815, 0.9239543726235742, 0.9245508982035928, 0.8811630847029077, 0.9445843828715366, 0.9724655819774718, 0.8759493670886076, 0.9815950920245399, 0.9498117942283564, 0.9008464328899637, 0.9438058748403576, 0.8037735849056604, 0.9884467265725289]}