{"num_samples": [4, 12, 18, 22, 23, 26, 28, 28, 28, 29, 30, 31, 44, 47, 48, 53, 53, 56, 57, 59, 63, 63, 63, 63, 63, 63, 64, 65, 65, 66, 73, 73, 74, 77, 80, 80, 81, 83, 85, 85, 86, 87, 88, 88, 93, 94, 94, 94, 97, 97, 98, 99, 100, 102, 103, 103, 103, 103, 105, 105, 105, 105, 106, 106, 106, 107, 108, 116, 117, 118, 120, 120, 121, 123, 123, 123, 123, 123, 123, 123, 123, 126, 129, 129, 130, 130, 130, 130, 130, 130, 132, 138, 141, 141, 141, 141, 141, 142, 142, 142, 142, 142, 142, 143, 150, 150, 151, 154, 154, 154, 154, 156, 156, 158, 158, 159, 166, 166, 166, 166, 167, 167, 167, 169, 170, 170, 171, 176, 176, 176, 176, 176, 177, 178, 178, 178, 178, 178, 178, 178, 178, 178, 178, 178, 178, 178, 178, 179, 181, 181, 181, 181, 181, 181, 182, 184, 184, 184, 184, 184, 184, 185, 186, 189, 190, 195, 195, 195, 195, 195, 195, 196, 196, 196, 196, 196, 197, 198, 203, 203, 203, 203, 203, 203, 203, 203, 204, 210, 210, 210, 212, 212, 213, 221, 224, 227, 228, 228, 228, 228, 228, 228, 228, 228, 228, 229, 231, 231, 231, 232, 235, 235, 235, 236, 237, 237, 237, 237, 237, 239, 239, 241, 241, 241, 241, 241, 241, 241, 241, 241, 241, 242, 244, 244, 244, 244, 244, 244, 244, 244, 244, 244, 245, 245, 245, 245, 245, 245, 246, 246, 247, 248, 248, 249, 249, 251, 252, 252, 252, 256, 256, 256, 256, 257, 258, 267, 267, 267, 268, 269, 269, 269, 269, 269, 272, 272, 272, 272, 272, 273, 273, 277, 277, 277, 278, 281, 283, 284, 286, 288, 290, 290, 290, 292, 294, 294, 297, 297, 297, 297], "accs": [0.60546875, 0.572265625, 0.640625, 0.5234375, 0.56640625, 0.59765625, 0.607421875, 0.654296875, 0.646484375, 0.4921875, 0.61328125, 0.658203125, 0.578125, 0.482421875, 0.541015625, 0.587890625, 0.58203125, 0.5, 0.56640625, 0.486328125, 0.595703125, 0.5703125, 0.59765625, 0.576171875, 0.583984375, 0.583984375, 0.62109375, 0.568359375, 0.5625, 0.47265625, 0.462890625, 0.509765625, 0.59375, 0.474609375, 0.490234375, 0.4765625, 0.578125, 0.515625, 0.498046875, 0.525390625, 0.5390625, 0.576171875, 0.51171875, 0.515625, 0.48828125, 0.564453125, 0.576171875, 0.544921875, 0.603515625, 0.56640625, 0.494140625, 0.587890625, 0.5, 0.611328125, 0.517578125, 0.505859375, 0.5390625, 0.509765625, 0.625, 0.595703125, 0.59765625, 0.58203125, 0.501953125, 0.484375, 0.50390625, 0.6171875, 0.505859375, 0.59765625, 0.4765625, 0.625, 0.50390625, 0.4765625, 0.611328125, 0.513671875, 0.49609375, 0.498046875, 0.5, 0.509765625, 0.53125, 0.55859375, 0.515625, 0.498046875, 0.494140625, 0.544921875, 0.494140625, 0.5, 0.48828125, 0.51953125, 0.515625, 0.509765625, 0.623046875, 0.537109375, 0.51171875, 0.515625, 0.466796875, 0.50390625, 0.48828125, 0.5859375, 0.56640625, 0.5859375, 0.60546875, 0.56640625, 0.55859375, 0.689453125, 0.498046875, 0.5, 0.71484375, 0.57421875, 0.494140625, 0.55859375, 0.564453125, 0.52734375, 0.576171875, 0.57421875, 0.583984375, 0.59765625, 0.5625, 0.580078125, 0.64453125, 0.609375, 0.517578125, 0.50390625, 0.5, 0.576171875, 0.515625, 0.455078125, 0.6015625, 0.53125, 0.486328125, 0.505859375, 0.505859375, 0.46875, 0.5859375, 0.490234375, 0.5390625, 0.451171875, 0.4921875, 0.5078125, 0.513671875, 0.49609375, 0.5234375, 0.509765625, 0.513671875, 0.515625, 0.462890625, 0.50390625, 0.4765625, 0.603515625, 0.482421875, 0.494140625, 0.45703125, 0.517578125, 0.515625, 0.48046875, 0.5859375, 0.5, 0.4765625, 0.517578125, 0.486328125, 0.48828125, 0.44921875, 0.623046875, 0.62109375, 0.560546875, 0.625, 0.55859375, 0.513671875, 0.53515625, 0.513671875, 0.55078125, 0.5546875, 0.533203125, 0.505859375, 0.5078125, 0.484375, 0.515625, 0.53515625, 0.630859375, 0.513671875, 0.50390625, 0.50390625, 0.494140625, 0.5390625, 0.5, 0.52734375, 0.51171875, 0.625, 0.486328125, 0.5078125, 0.490234375, 0.654296875, 0.64453125, 0.669921875, 0.58984375, 0.642578125, 0.65234375, 0.494140625, 0.51171875, 0.46875, 0.482421875, 0.4765625, 0.498046875, 0.50390625, 0.49609375, 0.51171875, 0.63671875, 0.521484375, 0.509765625, 0.509765625, 0.513671875, 0.4921875, 0.54296875, 0.482421875, 0.611328125, 0.501953125, 0.52734375, 0.482421875, 0.51171875, 0.48046875, 0.611328125, 0.630859375, 0.5078125, 0.53125, 0.4921875, 0.453125, 0.517578125, 0.474609375, 0.529296875, 0.494140625, 0.455078125, 0.5078125, 0.634765625, 0.513671875, 0.529296875, 0.501953125, 0.50390625, 0.544921875, 0.47265625, 0.4921875, 0.4921875, 0.4921875, 0.470703125, 0.615234375, 0.6171875, 0.62890625, 0.619140625, 0.65625, 0.6328125, 0.470703125, 0.494140625, 0.666015625, 0.533203125, 0.51953125, 0.619140625, 0.6328125, 0.509765625, 0.662109375, 0.65625, 0.65234375, 0.509765625, 0.53125, 0.501953125, 0.494140625, 0.64453125, 0.58984375, 0.546875, 0.568359375, 0.59765625, 0.46484375, 0.611328125, 0.548828125, 0.58203125, 0.568359375, 0.5390625, 0.49609375, 0.484375, 0.49609375, 0.490234375, 0.521484375, 0.60546875, 0.6328125, 0.505859375, 0.53125, 0.48828125, 0.56640625, 0.634765625, 0.48046875, 0.509765625, 0.58984375, 0.626953125, 0.498046875, 0.44921875, 0.478515625, 0.677734375, 0.685546875, 0.65625, 0.5078125, 0.521484375, 0.478515625, 0.517578125]}